2026-08-05 02:59:14.477: [INFO] CurrentProfilePath: C:\Practice\.metadata\.plugins\org.eclipse.swt\EBWebView\Default
2026-08-05 02:59:14.477: [INFO] Profiles total count: 1
2026-08-05 02:59:14.477: [INFO] Profile: name=Profile 1 path=C:\Practice\.metadata\.plugins\org.eclipse.swt\EBWebView\Default lastActive=null
2026-08-05 02:59:14.477: [INFO] LastUsedProfileDir: C:\Practice\.metadata\.plugins\org.eclipse.swt\EBWebView\Default
2026-08-05 02:59:14.477: [INFO] OnDoneLoading sync enabled: 0
2026-08-05 02:59:14.477: [INFO] BookmarkModelLoaded, ids_reassigned: 0
2026-08-05 02:59:14.477: [INFO] BookmarksLoadDropped droppedNodes=0
2026-08-05 02:59:14.477: [INFO] BookmarksSnapshot Startup total=0 bar=0 other=0 mobile=0 showBar=0 showBarNTP=1
2026-08-05 03:35:13.220: [INFO] BookmarksSnapshot Shutdown total=0 bar=0 other=0 mobile=0 showBar=0 showBarNTP=1
2026-08-05 04:50:36.303: [INFO] CurrentProfilePath: C:\Practice\.metadata\.plugins\org.eclipse.swt\EBWebView\Default
2026-08-05 04:50:36.303: [INFO] Profiles total count: 1
2026-08-05 04:50:36.303: [INFO] Profile: name=Profile 1 path=C:\Practice\.metadata\.plugins\org.eclipse.swt\EBWebView\Default lastActive=null
2026-08-05 04:50:36.303: [INFO] LastUsedProfileDir: C:\Practice\.metadata\.plugins\org.eclipse.swt\EBWebView\Default
2026-08-05 04:50:36.303: [INFO] OnDoneLoading sync enabled: 0
2026-08-05 04:50:36.303: [INFO] BookmarkModelLoaded, ids_reassigned: 0
2026-08-05 04:50:36.303: [INFO] BookmarksLoadDropped droppedNodes=0
2026-08-05 04:50:36.303: [INFO] BookmarksSnapshot Startup total=0 bar=0 other=0 mobile=0 showBar=0 showBarNTP=1
2026-08-05 04:50:59.166: [INFO] BookmarksSnapshot Shutdown total=0 bar=0 other=0 mobile=0 showBar=0 showBarNTP=1
2026-08-05 09:28:39.125: [INFO] CurrentProfilePath: C:\Practice\.metadata\.plugins\org.eclipse.swt\EBWebView\Default
2026-08-05 09:28:39.125: [INFO] Profiles total count: 1
2026-08-05 09:28:39.125: [INFO] Profile: name=Profile 1 path=C:\Practice\.metadata\.plugins\org.eclipse.swt\EBWebView\Default lastActive=null
2026-08-05 09:28:39.125: [INFO] LastUsedProfileDir: C:\Practice\.metadata\.plugins\org.eclipse.swt\EBWebView\Default
2026-08-05 09:28:39.125: [INFO] OnDoneLoading sync enabled: 0
2026-08-05 09:28:39.125: [INFO] BookmarkModelLoaded, ids_reassigned: 0
2026-08-05 09:28:39.125: [INFO] BookmarksLoadDropped droppedNodes=0
2026-08-05 09:28:39.125: [INFO] BookmarksSnapshot Startup total=0 bar=0 other=0 mobile=0 showBar=0 showBarNTP=1
2026-08-05 10:19:29.706: [INFO] BookmarksSnapshot Shutdown total=0 bar=0 other=0 mobile=0 showBar=0 showBarNTP=1
2026-08-05 15:16:22.634: [INFO] CurrentProfilePath: C:\Practice\.metadata\.plugins\org.eclipse.swt\EBWebView\Default
2026-08-05 15:16:22.634: [INFO] Profiles total count: 1
2026-08-05 15:16:22.634: [INFO] Profile: name=Profile 1 path=C:\Practice\.metadata\.plugins\org.eclipse.swt\EBWebView\Default lastActive=null
2026-08-05 15:16:22.634: [INFO] LastUsedProfileDir: C:\Practice\.metadata\.plugins\org.eclipse.swt\EBWebView\Default
2026-08-05 15:16:22.634: [INFO] OnDoneLoading sync enabled: 0
2026-08-05 15:16:22.634: [INFO] BookmarkModelLoaded, ids_reassigned: 0
2026-08-05 15:16:22.634: [INFO] BookmarksLoadDropped droppedNodes=0
2026-08-05 15:16:22.634: [INFO] BookmarksSnapshot Startup total=0 bar=0 other=0 mobile=0 showBar=0 showBarNTP=1
2026-08-05 15:46:40.552: [INFO] BookmarksSnapshot Shutdown total=0 bar=0 other=0 mobile=0 showBar=0 showBarNTP=1
2026-08-06 09:11:33.316: [INFO] CurrentProfilePath: C:\Practice\.metadata\.plugins\org.eclipse.swt\EBWebView\Default
2026-08-06 09:11:33.316: [INFO] Profiles total count: 1
2026-08-06 09:11:33.316: [INFO] Profile: name=Profile 1 path=C:\Practice\.metadata\.plugins\org.eclipse.swt\EBWebView\Default lastActive=null
2026-08-06 09:11:33.316: [INFO] LastUsedProfileDir: C:\Practice\.metadata\.plugins\org.eclipse.swt\EBWebView\Default
2026-08-06 09:11:33.316: [INFO] OnDoneLoading sync enabled: 0
2026-08-06 09:11:33.316: [INFO] BookmarkModelLoaded, ids_reassigned: 0
2026-08-06 09:11:33.316: [INFO] BookmarksLoadDropped droppedNodes=0
2026-08-06 09:11:33.316: [INFO] BookmarksSnapshot Startup total=0 bar=0 other=0 mobile=0 showBar=0 showBarNTP=1
2026-08-06 09:50:46.280: [INFO] BookmarksSnapshot Shutdown total=0 bar=0 other=0 mobile=0 showBar=0 showBarNTP=1
2026-08-06 10:34:41.523: [INFO] CurrentProfilePath: C:\Practice\.metadata\.plugins\org.eclipse.swt\EBWebView\Default
2026-08-06 10:34:41.523: [INFO] Profiles total count: 1
2026-08-06 10:34:41.523: [INFO] Profile: name=Profile 1 path=C:\Practice\.metadata\.plugins\org.eclipse.swt\EBWebView\Default lastActive=null
2026-08-06 10:34:41.523: [INFO] LastUsedProfileDir: C:\Practice\.metadata\.plugins\org.eclipse.swt\EBWebView\Default
2026-08-06 10:34:41.523: [INFO] OnDoneLoading sync enabled: 0
2026-08-06 10:34:41.523: [INFO] BookmarkModelLoaded, ids_reassigned: 0
2026-08-06 10:34:41.523: [INFO] BookmarksLoadDropped droppedNodes=0
2026-08-06 10:34:41.523: [INFO] BookmarksSnapshot Startup total=0 bar=0 other=0 mobile=0 showBar=0 showBarNTP=1
2026-08-06 11:11:43.405: [INFO] BookmarksSnapshot Shutdown total=0 bar=0 other=0 mobile=0 showBar=0 showBarNTP=1
2026-08-07 06:18:50.219: [INFO] CurrentProfilePath: C:\Practice\.metadata\.plugins\org.eclipse.swt\EBWebView\Default
2026-08-07 06:18:50.219: [INFO] Profiles total count: 1
2026-08-07 06:18:50.219: [INFO] Profile: name=Profile 1 path=C:\Practice\.metadata\.plugins\org.eclipse.swt\EBWebView\Default lastActive=null
2026-08-07 06:18:50.219: [INFO] LastUsedProfileDir: C:\Practice\.metadata\.plugins\org.eclipse.swt\EBWebView\Default
2026-08-07 06:18:50.219: [INFO] OnDoneLoading sync enabled: 0
2026-08-07 06:18:50.219: [INFO] BookmarkModelLoaded, ids_reassigned: 0
2026-08-07 06:18:50.219: [INFO] BookmarksLoadDropped droppedNodes=0
2026-08-07 06:18:50.219: [INFO] BookmarksSnapshot Startup total=0 bar=0 other=0 mobile=0 showBar=0 showBarNTP=1
2026-08-07 07:04:44.164: [INFO] BookmarksSnapshot Shutdown total=0 bar=0 other=0 mobile=0 showBar=0 showBarNTP=1
2026-08-07 09:10:31.913: [INFO] CurrentProfilePath: C:\Practice\.metadata\.plugins\org.eclipse.swt\EBWebView\Default
2026-08-07 09:10:31.913: [INFO] Profiles total count: 1
2026-08-07 09:10:31.913: [INFO] Profile: name=Profile 1 path=C:\Practice\.metadata\.plugins\org.eclipse.swt\EBWebView\Default lastActive=null
2026-08-07 09:10:31.913: [INFO] LastUsedProfileDir: C:\Practice\.metadata\.plugins\org.eclipse.swt\EBWebView\Default
2026-08-07 09:10:31.913: [INFO] OnDoneLoading sync enabled: 0
2026-08-07 09:10:31.913: [INFO] BookmarkModelLoaded, ids_reassigned: 0
2026-08-07 09:10:31.913: [INFO] BookmarksLoadDropped droppedNodes=0
2026-08-07 09:10:31.913: [INFO] BookmarksSnapshot Startup total=0 bar=0 other=0 mobile=0 showBar=0 showBarNTP=1
2026-08-07 09:31:48.389: [INFO] BookmarksSnapshot Shutdown total=0 bar=0 other=0 mobile=0 showBar=0 showBarNTP=1
2026-08-07 09:42:40.104: [INFO] CurrentProfilePath: C:\Practice\.metadata\.plugins\org.eclipse.swt\EBWebView\Default
2026-08-07 09:42:40.104: [INFO] Profiles total count: 1
2026-08-07 09:42:40.104: [INFO] Profile: name=Profile 1 path=C:\Practice\.metadata\.plugins\org.eclipse.swt\EBWebView\Default lastActive=null
2026-08-07 09:42:40.104: [INFO] LastUsedProfileDir: C:\Practice\.metadata\.plugins\org.eclipse.swt\EBWebView\Default
2026-08-07 09:42:40.104: [INFO] OnDoneLoading sync enabled: 0
2026-08-07 09:42:40.104: [INFO] BookmarkModelLoaded, ids_reassigned: 0
2026-08-07 09:42:40.104: [INFO] BookmarksLoadDropped droppedNodes=0
2026-08-07 09:42:40.104: [INFO] BookmarksSnapshot Startup total=0 bar=0 other=0 mobile=0 showBar=0 showBarNTP=1
2026-08-07 09:45:19.653: [INFO] BookmarksSnapshot Shutdown total=0 bar=0 other=0 mobile=0 showBar=0 showBarNTP=1
2026-08-07 09:45:19.944: [INFO] CurrentProfilePath: C:\Practice\.metadata\.plugins\org.eclipse.swt\EBWebView\Default
2026-08-07 09:45:19.944: [INFO] Profiles total count: 1
2026-08-07 09:45:19.944: [INFO] Profile: name=Profile 1 path=C:\Practice\.metadata\.plugins\org.eclipse.swt\EBWebView\Default lastActive=null
2026-08-07 09:45:19.944: [INFO] LastUsedProfileDir: C:\Practice\.metadata\.plugins\org.eclipse.swt\EBWebView\Default
2026-08-07 09:45:19.944: [INFO] OnDoneLoading sync enabled: 0
2026-08-07 09:45:19.944: [INFO] BookmarkModelLoaded, ids_reassigned: 0
2026-08-07 09:45:19.944: [INFO] BookmarksLoadDropped droppedNodes=0
2026-08-07 09:45:19.944: [INFO] BookmarksSnapshot Startup total=0 bar=0 other=0 mobile=0 showBar=0 showBarNTP=1
2026-08-07 09:45:24.684: [INFO] BookmarksSnapshot Shutdown total=0 bar=0 other=0 mobile=0 showBar=0 showBarNTP=1
2026-08-07 09:45:24.755: [INFO] CurrentProfilePath: C:\Practice\.metadata\.plugins\org.eclipse.swt\EBWebView\Default
2026-08-07 09:45:24.755: [INFO] Profiles total count: 1
2026-08-07 09:45:24.755: [INFO] Profile: name=Profile 1 path=C:\Practice\.metadata\.plugins\org.eclipse.swt\EBWebView\Default lastActive=null
2026-08-07 09:45:24.755: [INFO] LastUsedProfileDir: C:\Practice\.metadata\.plugins\org.eclipse.swt\EBWebView\Default
2026-08-07 09:45:24.755: [INFO] OnDoneLoading sync enabled: 0
2026-08-07 09:45:24.755: [INFO] BookmarkModelLoaded, ids_reassigned: 0
2026-08-07 09:45:24.755: [INFO] BookmarksLoadDropped droppedNodes=0
2026-08-07 09:45:24.755: [INFO] BookmarksSnapshot Startup total=0 bar=0 other=0 mobile=0 showBar=0 showBarNTP=1
2026-08-07 09:46:27.797: [INFO] BookmarksSnapshot Shutdown total=0 bar=0 other=0 mobile=0 showBar=0 showBarNTP=1
2026-08-07 09:46:27.889: [INFO] CurrentProfilePath: C:\Practice\.metadata\.plugins\org.eclipse.swt\EBWebView\Default
2026-08-07 09:46:27.889: [INFO] Profiles total count: 1
2026-08-07 09:46:27.889: [INFO] Profile: name=Profile 1 path=C:\Practice\.metadata\.plugins\org.eclipse.swt\EBWebView\Default lastActive=null
2026-08-07 09:46:27.889: [INFO] LastUsedProfileDir: C:\Practice\.metadata\.plugins\org.eclipse.swt\EBWebView\Default
2026-08-07 09:46:27.889: [INFO] OnDoneLoading sync enabled: 0
2026-08-07 09:46:27.889: [INFO] BookmarkModelLoaded, ids_reassigned: 0
2026-08-07 09:46:27.889: [INFO] BookmarksLoadDropped droppedNodes=0
2026-08-07 09:46:27.889: [INFO] BookmarksSnapshot Startup total=0 bar=0 other=0 mobile=0 showBar=0 showBarNTP=1
2026-08-07 10:02:23.040: [INFO] BookmarksSnapshot Shutdown total=0 bar=0 other=0 mobile=0 showBar=0 showBarNTP=1
2026-08-07 16:02:17.376: [INFO] CurrentProfilePath: C:\Practice\.metadata\.plugins\org.eclipse.swt\EBWebView\Default
2026-08-07 16:02:17.376: [INFO] Profiles total count: 1
2026-08-07 16:02:17.376: [INFO] Profile: name=Profile 1 path=C:\Practice\.metadata\.plugins\org.eclipse.swt\EBWebView\Default lastActive=null
2026-08-07 16:02:17.376: [INFO] LastUsedProfileDir: C:\Practice\.metadata\.plugins\org.eclipse.swt\EBWebView\Default
2026-08-07 16:02:17.376: [INFO] OnDoneLoading sync enabled: 0
2026-08-07 16:02:17.376: [INFO] BookmarkModelLoaded, ids_reassigned: 0
2026-08-07 16:02:17.376: [INFO] BookmarksLoadDropped droppedNodes=0
2026-08-07 16:02:17.376: [INFO] BookmarksSnapshot Startup total=0 bar=0 other=0 mobile=0 showBar=0 showBarNTP=1
2026-08-07 17:17:20.799: [INFO] BookmarksSnapshot Shutdown total=0 bar=0 other=0 mobile=0 showBar=0 showBarNTP=1
2026-08-08 03:09:03.772: [INFO] CurrentProfilePath: C:\Practice\.metadata\.plugins\org.eclipse.swt\EBWebView\Default
2026-08-08 03:09:03.772: [INFO] Profiles total count: 1
2026-08-08 03:09:03.772: [INFO] Profile: name=Profile 1 path=C:\Practice\.metadata\.plugins\org.eclipse.swt\EBWebView\Default lastActive=null
2026-08-08 03:09:03.772: [INFO] LastUsedProfileDir: C:\Practice\.metadata\.plugins\org.eclipse.swt\EBWebView\Default
2026-08-08 03:09:03.772: [INFO] OnDoneLoading sync enabled: 0
2026-08-08 03:09:03.772: [INFO] BookmarkModelLoaded, ids_reassigned: 0
2026-08-08 03:09:03.772: [INFO] BookmarksLoadDropped droppedNodes=0
2026-08-08 03:09:03.772: [INFO] BookmarksSnapshot Startup total=0 bar=0 other=0 mobile=0 showBar=0 showBarNTP=1
2026-08-08 03:32:53.821: [INFO] BookmarksSnapshot Shutdown total=0 bar=0 other=0 mobile=0 showBar=0 showBarNTP=1
2026-08-09 13:50:16.899: [INFO] CurrentProfilePath: C:\Practice\.metadata\.plugins\org.eclipse.swt\EBWebView\Default
2026-08-09 13:50:16.899: [INFO] Profiles total count: 1
2026-08-09 13:50:16.899: [INFO] Profile: name=Profile 1 path=C:\Practice\.metadata\.plugins\org.eclipse.swt\EBWebView\Default lastActive=null
2026-08-09 13:50:16.899: [INFO] LastUsedProfileDir: C:\Practice\.metadata\.plugins\org.eclipse.swt\EBWebView\Default
2026-08-09 13:50:16.899: [INFO] OnDoneLoading sync enabled: 0
2026-08-09 13:50:16.899: [INFO] BookmarkModelLoaded, ids_reassigned: 0
2026-08-09 13:50:16.899: [INFO] BookmarksLoadDropped droppedNodes=0
2026-08-09 13:50:16.899: [INFO] BookmarksSnapshot Startup total=0 bar=0 other=0 mobile=0 showBar=0 showBarNTP=1
2026-08-09 14:22:35.665: [INFO] BookmarksSnapshot Shutdown total=0 bar=0 other=0 mobile=0 showBar=0 showBarNTP=1
2026-08-10 02:31:00.127: [INFO] CurrentProfilePath: C:\Practice\.metadata\.plugins\org.eclipse.swt\EBWebView\Default
2026-08-10 02:31:00.127: [INFO] Profiles total count: 1
2026-08-10 02:31:00.127: [INFO] Profile: name=Profile 1 path=C:\Practice\.metadata\.plugins\org.eclipse.swt\EBWebView\Default lastActive=null
2026-08-10 02:31:00.127: [INFO] LastUsedProfileDir: C:\Practice\.metadata\.plugins\org.eclipse.swt\EBWebView\Default
2026-08-10 02:31:00.127: [INFO] OnDoneLoading sync enabled: 0
2026-08-10 02:31:00.127: [INFO] BookmarkModelLoaded, ids_reassigned: 0
2026-08-10 02:31:00.127: [INFO] BookmarksLoadDropped droppedNodes=0
2026-08-10 02:31:00.127: [INFO] BookmarksSnapshot Startup total=0 bar=0 other=0 mobile=0 showBar=0 showBarNTP=1
2026-08-10 02:31:08.473: [INFO] BookmarksSnapshot Shutdown total=0 bar=0 other=0 mobile=0 showBar=0 showBarNTP=1
2026-08-10 02:33:26.869: [INFO] CurrentProfilePath: C:\Practice\.metadata\.plugins\org.eclipse.swt\EBWebView\Default
2026-08-10 02:33:26.869: [INFO] Profiles total count: 1
2026-08-10 02:33:26.869: [INFO] Profile: name=Profile 1 path=C:\Practice\.metadata\.plugins\org.eclipse.swt\EBWebView\Default lastActive=null
2026-08-10 02:33:26.869: [INFO] LastUsedProfileDir: C:\Practice\.metadata\.plugins\org.eclipse.swt\EBWebView\Default
2026-08-10 02:33:26.869: [INFO] OnDoneLoading sync enabled: 0
2026-08-10 02:33:26.869: [INFO] BookmarkModelLoaded, ids_reassigned: 0
2026-08-10 02:33:26.869: [INFO] BookmarksLoadDropped droppedNodes=0
2026-08-10 02:33:26.869: [INFO] BookmarksSnapshot Startup total=0 bar=0 other=0 mobile=0 showBar=0 showBarNTP=1
2026-08-10 02:33:31.205: [INFO] BookmarksSnapshot Shutdown total=0 bar=0 other=0 mobile=0 showBar=0 showBarNTP=1
2026-08-10 02:37:09.432: [INFO] CurrentProfilePath: C:\Practice\.metadata\.plugins\org.eclipse.swt\EBWebView\Default
2026-08-10 02:37:09.432: [INFO] Profiles total count: 1
2026-08-10 02:37:09.432: [INFO] Profile: name=Profile 1 path=C:\Practice\.metadata\.plugins\org.eclipse.swt\EBWebView\Default lastActive=null
2026-08-10 02:37:09.432: [INFO] LastUsedProfileDir: C:\Practice\.metadata\.plugins\org.eclipse.swt\EBWebView\Default
2026-08-10 02:37:09.432: [INFO] OnDoneLoading sync enabled: 0
2026-08-10 02:37:09.432: [INFO] BookmarkModelLoaded, ids_reassigned: 0
2026-08-10 02:37:09.432: [INFO] BookmarksLoadDropped droppedNodes=0
2026-08-10 02:37:09.432: [INFO] BookmarksSnapshot Startup total=0 bar=0 other=0 mobile=0 showBar=0 showBarNTP=1
2026-08-10 03:05:06.602: [INFO] BookmarksSnapshot Shutdown total=0 bar=0 other=0 mobile=0 showBar=0 showBarNTP=1
2026-08-10 08:45:28.232: [INFO] CurrentProfilePath: C:\Practice\.metadata\.plugins\org.eclipse.swt\EBWebView\Default
2026-08-10 08:45:28.233: [INFO] Profiles total count: 1
2026-08-10 08:45:28.233: [INFO] Profile: name=Profile 1 path=C:\Practice\.metadata\.plugins\org.eclipse.swt\EBWebView\Default lastActive=null
2026-08-10 08:45:28.233: [INFO] LastUsedProfileDir: C:\Practice\.metadata\.plugins\org.eclipse.swt\EBWebView\Default
2026-08-10 08:45:28.233: [INFO] OnDoneLoading sync enabled: 0
2026-08-10 08:45:28.233: [INFO] BookmarkModelLoaded, ids_reassigned: 0
2026-08-10 08:45:28.233: [INFO] BookmarksLoadDropped droppedNodes=0
2026-08-10 08:45:28.233: [INFO] BookmarksSnapshot Startup total=0 bar=0 other=0 mobile=0 showBar=0 showBarNTP=1
2026-08-10 09:59:47.762: [INFO] BookmarksSnapshot Shutdown total=0 bar=0 other=0 mobile=0 showBar=0 showBarNTP=1
2026-08-11 09:21:40.587: [INFO] CurrentProfilePath: C:\Practice\.metadata\.plugins\org.eclipse.swt\EBWebView\Default
2026-08-11 09:21:40.587: [INFO] Profiles total count: 1
2026-08-11 09:21:40.587: [INFO] Profile: name=Profile 1 path=C:\Practice\.metadata\.plugins\org.eclipse.swt\EBWebView\Default lastActive=null
2026-08-11 09:21:40.587: [INFO] LastUsedProfileDir: C:\Practice\.metadata\.plugins\org.eclipse.swt\EBWebView\Default
2026-08-11 09:21:40.587: [INFO] OnDoneLoading sync enabled: 0
2026-08-11 09:21:40.587: [INFO] BookmarkModelLoaded, ids_reassigned: 0
2026-08-11 09:21:40.587: [INFO] BookmarksLoadDropped droppedNodes=0
2026-08-11 09:21:40.587: [INFO] BookmarksSnapshot Startup total=0 bar=0 other=0 mobile=0 showBar=0 showBarNTP=1
2026-08-11 10:01:54.895: [INFO] BookmarksSnapshot Shutdown total=0 bar=0 other=0 mobile=0 showBar=0 showBarNTP=1
2026-08-11 14:15:08.033: [INFO] CurrentProfilePath: C:\Practice\.metadata\.plugins\org.eclipse.swt\EBWebView\Default
2026-08-11 14:15:08.033: [INFO] Profiles total count: 1
2026-08-11 14:15:08.033: [INFO] Profile: name=Profile 1 path=C:\Practice\.metadata\.plugins\org.eclipse.swt\EBWebView\Default lastActive=null
2026-08-11 14:15:08.033: [INFO] LastUsedProfileDir: C:\Practice\.metadata\.plugins\org.eclipse.swt\EBWebView\Default
2026-08-11 14:15:08.033: [INFO] OnDoneLoading sync enabled: 0
2026-08-11 14:15:08.033: [INFO] BookmarkModelLoaded, ids_reassigned: 0
2026-08-11 14:15:08.033: [INFO] BookmarksLoadDropped droppedNodes=0
2026-08-11 14:15:08.033: [INFO] BookmarksSnapshot Startup total=0 bar=0 other=0 mobile=0 showBar=0 showBarNTP=1
2026-08-11 14:15:39.940: [INFO] BookmarksSnapshot Shutdown total=0 bar=0 other=0 mobile=0 showBar=0 showBarNTP=1
2026-08-11 14:19:18.699: [INFO] CurrentProfilePath: C:\Practice\.metadata\.plugins\org.eclipse.swt\EBWebView\Default
2026-08-11 14:19:18.699: [INFO] Profiles total count: 1
2026-08-11 14:19:18.699: [INFO] Profile: name=Profile 1 path=C:\Practice\.metadata\.plugins\org.eclipse.swt\EBWebView\Default lastActive=null
2026-08-11 14:19:18.699: [INFO] LastUsedProfileDir: C:\Practice\.metadata\.plugins\org.eclipse.swt\EBWebView\Default
2026-08-11 14:19:18.699: [INFO] OnDoneLoading sync enabled: 0
2026-08-11 14:19:18.699: [INFO] BookmarkModelLoaded, ids_reassigned: 0
2026-08-11 14:19:18.699: [INFO] BookmarksLoadDropped droppedNodes=0
2026-08-11 14:19:18.699: [INFO] BookmarksSnapshot Startup total=0 bar=0 other=0 mobile=0 showBar=0 showBarNTP=1
2026-08-11 14:19:32.426: [INFO] BookmarksSnapshot Shutdown total=0 bar=0 other=0 mobile=0 showBar=0 showBarNTP=1
2026-08-12 06:01:20.766: [INFO] CurrentProfilePath: C:\Practice\.metadata\.plugins\org.eclipse.swt\EBWebView\Default
2026-08-12 06:01:20.766: [INFO] Profiles total count: 1
2026-08-12 06:01:20.766: [INFO] Profile: name=Profile 1 path=C:\Practice\.metadata\.plugins\org.eclipse.swt\EBWebView\Default lastActive=null
2026-08-12 06:01:20.766: [INFO] LastUsedProfileDir: C:\Practice\.metadata\.plugins\org.eclipse.swt\EBWebView\Default
2026-08-12 06:01:20.766: [INFO] OnDoneLoading sync enabled: 0
2026-08-12 06:01:20.766: [INFO] BookmarkModelLoaded, ids_reassigned: 0
2026-08-12 06:01:20.766: [INFO] BookmarksLoadDropped droppedNodes=0
2026-08-12 06:01:20.766: [INFO] BookmarksSnapshot Startup total=0 bar=0 other=0 mobile=0 showBar=0 showBarNTP=1
2026-08-12 06:08:11.153: [INFO] BookmarksSnapshot Shutdown total=0 bar=0 other=0 mobile=0 showBar=0 showBarNTP=1
2026-08-12 06:36:40.219: [INFO] CurrentProfilePath: C:\Practice\.metadata\.plugins\org.eclipse.swt\EBWebView\Default
2026-08-12 06:36:40.219: [INFO] Profiles total count: 1
2026-08-12 06:36:40.219: [INFO] Profile: name=Profile 1 path=C:\Practice\.metadata\.plugins\org.eclipse.swt\EBWebView\Default lastActive=null
2026-08-12 06:36:40.219: [INFO] LastUsedProfileDir: C:\Practice\.metadata\.plugins\org.eclipse.swt\EBWebView\Default
2026-08-12 06:36:40.219: [INFO] OnDoneLoading sync enabled: 0
2026-08-12 06:36:40.219: [INFO] BookmarkModelLoaded, ids_reassigned: 0
2026-08-12 06:36:40.219: [INFO] BookmarksLoadDropped droppedNodes=0
2026-08-12 06:36:40.219: [INFO] BookmarksSnapshot Startup total=0 bar=0 other=0 mobile=0 showBar=0 showBarNTP=1
2026-08-12 06:37:35.298: [INFO] BookmarksSnapshot Shutdown total=0 bar=0 other=0 mobile=0 showBar=0 showBarNTP=1
2026-08-12 06:43:41.293: [INFO] CurrentProfilePath: C:\Practice\.metadata\.plugins\org.eclipse.swt\EBWebView\Default
2026-08-12 06:43:41.293: [INFO] Profiles total count: 1
2026-08-12 06:43:41.293: [INFO] Profile: name=Profile 1 path=C:\Practice\.metadata\.plugins\org.eclipse.swt\EBWebView\Default lastActive=null
2026-08-12 06:43:41.293: [INFO] LastUsedProfileDir: C:\Practice\.metadata\.plugins\org.eclipse.swt\EBWebView\Default
2026-08-12 06:43:41.293: [INFO] OnDoneLoading sync enabled: 0
2026-08-12 06:43:41.293: [INFO] BookmarkModelLoaded, ids_reassigned: 0
2026-08-12 06:43:41.293: [INFO] BookmarksLoadDropped droppedNodes=0
2026-08-12 06:43:41.293: [INFO] BookmarksSnapshot Startup total=0 bar=0 other=0 mobile=0 showBar=0 showBarNTP=1
2026-08-12 06:43:41.438: [INFO] BookmarksSnapshot Shutdown total=0 bar=0 other=0 mobile=0 showBar=0 showBarNTP=1
2026-08-12 06:44:30.089: [INFO] CurrentProfilePath: C:\Practice\.metadata\.plugins\org.eclipse.swt\EBWebView\Default
2026-08-12 06:44:30.089: [INFO] Profiles total count: 1
2026-08-12 06:44:30.089: [INFO] Profile: name=Profile 1 path=C:\Practice\.metadata\.plugins\org.eclipse.swt\EBWebView\Default lastActive=null
2026-08-12 06:44:30.089: [INFO] LastUsedProfileDir: C:\Practice\.metadata\.plugins\org.eclipse.swt\EBWebView\Default
2026-08-12 06:44:30.089: [INFO] OnDoneLoading sync enabled: 0
2026-08-12 06:44:30.089: [INFO] BookmarkModelLoaded, ids_reassigned: 0
2026-08-12 06:44:30.089: [INFO] BookmarksLoadDropped droppedNodes=0
2026-08-12 06:44:30.089: [INFO] BookmarksSnapshot Startup total=0 bar=0 other=0 mobile=0 showBar=0 showBarNTP=1
2026-08-12 06:44:30.249: [INFO] BookmarksSnapshot Shutdown total=0 bar=0 other=0 mobile=0 showBar=0 showBarNTP=1
2026-08-12 06:44:48.808: [INFO] CurrentProfilePath: C:\Practice\.metadata\.plugins\org.eclipse.swt\EBWebView\Default
2026-08-12 06:44:48.808: [INFO] Profiles total count: 1
2026-08-12 06:44:48.808: [INFO] Profile: name=Profile 1 path=C:\Practice\.metadata\.plugins\org.eclipse.swt\EBWebView\Default lastActive=null
2026-08-12 06:44:48.808: [INFO] LastUsedProfileDir: C:\Practice\.metadata\.plugins\org.eclipse.swt\EBWebView\Default
2026-08-12 06:44:48.808: [INFO] OnDoneLoading sync enabled: 0
2026-08-12 06:44:48.808: [INFO] BookmarkModelLoaded, ids_reassigned: 0
2026-08-12 06:44:48.808: [INFO] BookmarksLoadDropped droppedNodes=0
2026-08-12 06:44:48.808: [INFO] BookmarksSnapshot Startup total=0 bar=0 other=0 mobile=0 showBar=0 showBarNTP=1
2026-08-12 06:44:48.955: [INFO] BookmarksSnapshot Shutdown total=0 bar=0 other=0 mobile=0 showBar=0 showBarNTP=1
2026-08-12 06:47:55.232: [INFO] CurrentProfilePath: C:\Practice\.metadata\.plugins\org.eclipse.swt\EBWebView\Default
2026-08-12 06:47:55.232: [INFO] Profiles total count: 1
2026-08-12 06:47:55.232: [INFO] Profile: name=Profile 1 path=C:\Practice\.metadata\.plugins\org.eclipse.swt\EBWebView\Default lastActive=null
2026-08-12 06:47:55.232: [INFO] LastUsedProfileDir: C:\Practice\.metadata\.plugins\org.eclipse.swt\EBWebView\Default
2026-08-12 06:47:55.232: [INFO] OnDoneLoading sync enabled: 0
2026-08-12 06:47:55.232: [INFO] BookmarkModelLoaded, ids_reassigned: 0
2026-08-12 06:47:55.232: [INFO] BookmarksLoadDropped droppedNodes=0
2026-08-12 06:47:55.232: [INFO] BookmarksSnapshot Startup total=0 bar=0 other=0 mobile=0 showBar=0 showBarNTP=1
2026-08-12 06:47:55.462: [INFO] BookmarksSnapshot Shutdown total=0 bar=0 other=0 mobile=0 showBar=0 showBarNTP=1
2026-08-12 06:49:58.760: [INFO] CurrentProfilePath: C:\Practice\.metadata\.plugins\org.eclipse.swt\EBWebView\Default
2026-08-12 06:49:58.760: [INFO] Profiles total count: 1
2026-08-12 06:49:58.760: [INFO] Profile: name=Profile 1 path=C:\Practice\.metadata\.plugins\org.eclipse.swt\EBWebView\Default lastActive=null
2026-08-12 06:49:58.760: [INFO] LastUsedProfileDir: C:\Practice\.metadata\.plugins\org.eclipse.swt\EBWebView\Default
2026-08-12 06:49:58.760: [INFO] OnDoneLoading sync enabled: 0
2026-08-12 06:49:58.760: [INFO] BookmarkModelLoaded, ids_reassigned: 0
2026-08-12 06:49:58.760: [INFO] BookmarksLoadDropped droppedNodes=0
2026-08-12 06:49:58.760: [INFO] BookmarksSnapshot Startup total=0 bar=0 other=0 mobile=0 showBar=0 showBarNTP=1
2026-08-12 06:49:58.987: [INFO] BookmarksSnapshot Shutdown total=0 bar=0 other=0 mobile=0 showBar=0 showBarNTP=1
2026-08-12 06:53:27.805: [INFO] CurrentProfilePath: C:\Practice\.metadata\.plugins\org.eclipse.swt\EBWebView\Default
2026-08-12 06:53:27.805: [INFO] Profiles total count: 1
2026-08-12 06:53:27.805: [INFO] Profile: name=Profile 1 path=C:\Practice\.metadata\.plugins\org.eclipse.swt\EBWebView\Default lastActive=null
2026-08-12 06:53:27.805: [INFO] LastUsedProfileDir: C:\Practice\.metadata\.plugins\org.eclipse.swt\EBWebView\Default
2026-08-12 06:53:27.805: [INFO] OnDoneLoading sync enabled: 0
2026-08-12 06:53:27.805: [INFO] BookmarkModelLoaded, ids_reassigned: 0
2026-08-12 06:53:27.805: [INFO] BookmarksLoadDropped droppedNodes=0
2026-08-12 06:53:27.805: [INFO] BookmarksSnapshot Startup total=0 bar=0 other=0 mobile=0 showBar=0 showBarNTP=1
2026-08-12 06:53:27.957: [INFO] BookmarksSnapshot Shutdown total=0 bar=0 other=0 mobile=0 showBar=0 showBarNTP=1
2026-08-12 06:54:22.236: [INFO] CurrentProfilePath: C:\Practice\.metadata\.plugins\org.eclipse.swt\EBWebView\Default
2026-08-12 06:54:22.236: [INFO] Profiles total count: 1
2026-08-12 06:54:22.236: [INFO] Profile: name=Profile 1 path=C:\Practice\.metadata\.plugins\org.eclipse.swt\EBWebView\Default lastActive=null
2026-08-12 06:54:22.236: [INFO] LastUsedProfileDir: C:\Practice\.metadata\.plugins\org.eclipse.swt\EBWebView\Default
2026-08-12 06:54:22.236: [INFO] OnDoneLoading sync enabled: 0
2026-08-12 06:54:22.236: [INFO] BookmarkModelLoaded, ids_reassigned: 0
2026-08-12 06:54:22.236: [INFO] BookmarksLoadDropped droppedNodes=0
2026-08-12 06:54:22.236: [INFO] BookmarksSnapshot Startup total=0 bar=0 other=0 mobile=0 showBar=0 showBarNTP=1
2026-08-12 08:15:56.885: [INFO] BookmarksSnapshot Shutdown total=0 bar=0 other=0 mobile=0 showBar=0 showBarNTP=1
2026-08-12 08:46:23.331: [INFO] CurrentProfilePath: C:\Practice\.metadata\.plugins\org.eclipse.swt\EBWebView\Default
2026-08-12 08:46:23.331: [INFO] Profiles total count: 1
2026-08-12 08:46:23.331: [INFO] Profile: name=Profile 1 path=C:\Practice\.metadata\.plugins\org.eclipse.swt\EBWebView\Default lastActive=null
2026-08-12 08:46:23.331: [INFO] LastUsedProfileDir: C:\Practice\.metadata\.plugins\org.eclipse.swt\EBWebView\Default
2026-08-12 08:46:23.331: [INFO] OnDoneLoading sync enabled: 0
2026-08-12 08:46:23.331: [INFO] BookmarkModelLoaded, ids_reassigned: 0
2026-08-12 08:46:23.331: [INFO] BookmarksLoadDropped droppedNodes=0
2026-08-12 08:46:23.331: [INFO] BookmarksSnapshot Startup total=0 bar=0 other=0 mobile=0 showBar=0 showBarNTP=1
2026-08-12 08:46:27.345: [INFO] BookmarksSnapshot Shutdown total=0 bar=0 other=0 mobile=0 showBar=0 showBarNTP=1
2026-08-12 08:46:35.220: [INFO] CurrentProfilePath: C:\Practice\.metadata\.plugins\org.eclipse.swt\EBWebView\Default
2026-08-12 08:46:35.220: [INFO] Profiles total count: 1
2026-08-12 08:46:35.220: [INFO] Profile: name=Profile 1 path=C:\Practice\.metadata\.plugins\org.eclipse.swt\EBWebView\Default lastActive=null
2026-08-12 08:46:35.220: [INFO] LastUsedProfileDir: C:\Practice\.metadata\.plugins\org.eclipse.swt\EBWebView\Default
2026-08-12 08:46:35.220: [INFO] OnDoneLoading sync enabled: 0
2026-08-12 08:46:35.220: [INFO] BookmarkModelLoaded, ids_reassigned: 0
2026-08-12 08:46:35.220: [INFO] BookmarksLoadDropped droppedNodes=0
2026-08-12 08:46:35.220: [INFO] BookmarksSnapshot Startup total=0 bar=0 other=0 mobile=0 showBar=0 showBarNTP=1
2026-08-12 08:46:39.821: [INFO] BookmarksSnapshot Shutdown total=0 bar=0 other=0 mobile=0 showBar=0 showBarNTP=1
2026-08-12 08:46:51.960: [INFO] CurrentProfilePath: C:\Practice\.metadata\.plugins\org.eclipse.swt\EBWebView\Default
2026-08-12 08:46:51.960: [INFO] Profiles total count: 1
2026-08-12 08:46:51.960: [INFO] Profile: name=Profile 1 path=C:\Practice\.metadata\.plugins\org.eclipse.swt\EBWebView\Default lastActive=null
2026-08-12 08:46:51.960: [INFO] LastUsedProfileDir: C:\Practice\.metadata\.plugins\org.eclipse.swt\EBWebView\Default
2026-08-12 08:46:51.960: [INFO] OnDoneLoading sync enabled: 0
2026-08-12 08:46:51.960: [INFO] BookmarkModelLoaded, ids_reassigned: 0
2026-08-12 08:46:51.960: [INFO] BookmarksLoadDropped droppedNodes=0
2026-08-12 08:46:51.960: [INFO] BookmarksSnapshot Startup total=0 bar=0 other=0 mobile=0 showBar=0 showBarNTP=1
2026-08-12 08:46:56.088: [INFO] BookmarksSnapshot Shutdown total=0 bar=0 other=0 mobile=0 showBar=0 showBarNTP=1
2026-08-12 08:46:59.239: [INFO] CurrentProfilePath: C:\Practice\.metadata\.plugins\org.eclipse.swt\EBWebView\Default
2026-08-12 08:46:59.239: [INFO] Profiles total count: 1
2026-08-12 08:46:59.239: [INFO] Profile: name=Profile 1 path=C:\Practice\.metadata\.plugins\org.eclipse.swt\EBWebView\Default lastActive=null
2026-08-12 08:46:59.239: [INFO] LastUsedProfileDir: C:\Practice\.metadata\.plugins\org.eclipse.swt\EBWebView\Default
2026-08-12 08:46:59.239: [INFO] OnDoneLoading sync enabled: 0
2026-08-12 08:46:59.239: [INFO] BookmarkModelLoaded, ids_reassigned: 0
2026-08-12 08:46:59.239: [INFO] BookmarksLoadDropped droppedNodes=0
2026-08-12 08:46:59.239: [INFO] BookmarksSnapshot Startup total=0 bar=0 other=0 mobile=0 showBar=0 showBarNTP=1
2026-08-12 11:09:24.710: [INFO] BookmarksSnapshot Shutdown total=0 bar=0 other=0 mobile=0 showBar=0 showBarNTP=1
2026-08-13 04:45:55.908: [INFO] CurrentProfilePath: C:\Practice\.metadata\.plugins\org.eclipse.swt\EBWebView\Default
2026-08-13 04:45:55.908: [INFO] Profiles total count: 1
2026-08-13 04:45:55.908: [INFO] Profile: name=Profile 1 path=C:\Practice\.metadata\.plugins\org.eclipse.swt\EBWebView\Default lastActive=null
2026-08-13 04:45:55.908: [INFO] LastUsedProfileDir: C:\Practice\.metadata\.plugins\org.eclipse.swt\EBWebView\Default
2026-08-13 04:45:55.908: [INFO] OnDoneLoading sync enabled: 0
2026-08-13 04:45:55.908: [INFO] BookmarkModelLoaded, ids_reassigned: 0
2026-08-13 04:45:55.908: [INFO] BookmarksLoadDropped droppedNodes=0
2026-08-13 04:45:55.908: [INFO] BookmarksSnapshot Startup total=0 bar=0 other=0 mobile=0 showBar=0 showBarNTP=1
2026-08-13 04:46:49.897: [INFO] BookmarksSnapshot Shutdown total=0 bar=0 other=0 mobile=0 showBar=0 showBarNTP=1
2026-08-13 06:29:32.821: [INFO] CurrentProfilePath: C:\Practice\.metadata\.plugins\org.eclipse.swt\EBWebView\Default
2026-08-13 06:29:32.821: [INFO] Profiles total count: 1
2026-08-13 06:29:32.821: [INFO] Profile: name=Profile 1 path=C:\Practice\.metadata\.plugins\org.eclipse.swt\EBWebView\Default lastActive=null
2026-08-13 06:29:32.821: [INFO] LastUsedProfileDir: C:\Practice\.metadata\.plugins\org.eclipse.swt\EBWebView\Default
2026-08-13 06:29:32.821: [INFO] OnDoneLoading sync enabled: 0
2026-08-13 06:29:32.821: [INFO] BookmarkModelLoaded, ids_reassigned: 0
2026-08-13 06:29:32.821: [INFO] BookmarksLoadDropped droppedNodes=0
2026-08-13 06:29:32.821: [INFO] BookmarksSnapshot Startup total=0 bar=0 other=0 mobile=0 showBar=0 showBarNTP=1
2026-08-13 06:30:02.289: [INFO] BookmarksSnapshot Shutdown total=0 bar=0 other=0 mobile=0 showBar=0 showBarNTP=1
2026-08-13 07:04:40.497: [INFO] CurrentProfilePath: C:\Practice\.metadata\.plugins\org.eclipse.swt\EBWebView\Default
2026-08-13 07:04:40.497: [INFO] Profiles total count: 1
2026-08-13 07:04:40.497: [INFO] Profile: name=Profile 1 path=C:\Practice\.metadata\.plugins\org.eclipse.swt\EBWebView\Default lastActive=null
2026-08-13 07:04:40.497: [INFO] LastUsedProfileDir: C:\Practice\.metadata\.plugins\org.eclipse.swt\EBWebView\Default
2026-08-13 07:04:40.497: [INFO] OnDoneLoading sync enabled: 0
2026-08-13 07:04:40.497: [INFO] BookmarkModelLoaded, ids_reassigned: 0
2026-08-13 07:04:40.498: [INFO] BookmarksLoadDropped droppedNodes=0
2026-08-13 07:04:40.498: [INFO] BookmarksSnapshot Startup total=0 bar=0 other=0 mobile=0 showBar=0 showBarNTP=1
2026-08-13 07:09:19.457: [INFO] BookmarksSnapshot Shutdown total=0 bar=0 other=0 mobile=0 showBar=0 showBarNTP=1
2026-08-13 07:09:35.059: [INFO] CurrentProfilePath: C:\Practice\.metadata\.plugins\org.eclipse.swt\EBWebView\Default
2026-08-13 07:09:35.059: [INFO] Profiles total count: 1
2026-08-13 07:09:35.059: [INFO] Profile: name=Profile 1 path=C:\Practice\.metadata\.plugins\org.eclipse.swt\EBWebView\Default lastActive=null
2026-08-13 07:09:35.059: [INFO] LastUsedProfileDir: C:\Practice\.metadata\.plugins\org.eclipse.swt\EBWebView\Default
2026-08-13 07:09:35.059: [INFO] OnDoneLoading sync enabled: 0
2026-08-13 07:09:35.059: [INFO] BookmarkModelLoaded, ids_reassigned: 0
2026-08-13 07:09:35.059: [INFO] BookmarksLoadDropped droppedNodes=0
2026-08-13 07:09:35.059: [INFO] BookmarksSnapshot Startup total=0 bar=0 other=0 mobile=0 showBar=0 showBarNTP=1
2026-08-13 07:09:38.494: [INFO] BookmarksSnapshot Shutdown total=0 bar=0 other=0 mobile=0 showBar=0 showBarNTP=1
2026-08-13 07:10:23.329: [INFO] CurrentProfilePath: C:\Practice\.metadata\.plugins\org.eclipse.swt\EBWebView\Default
2026-08-13 07:10:23.329: [INFO] Profiles total count: 1
2026-08-13 07:10:23.329: [INFO] Profile: name=Profile 1 path=C:\Practice\.metadata\.plugins\org.eclipse.swt\EBWebView\Default lastActive=null
2026-08-13 07:10:23.329: [INFO] LastUsedProfileDir: C:\Practice\.metadata\.plugins\org.eclipse.swt\EBWebView\Default
2026-08-13 07:10:23.329: [INFO] OnDoneLoading sync enabled: 0
2026-08-13 07:10:23.329: [INFO] BookmarkModelLoaded, ids_reassigned: 0
2026-08-13 07:10:23.329: [INFO] BookmarksLoadDropped droppedNodes=0
2026-08-13 07:10:23.329: [INFO] BookmarksSnapshot Startup total=0 bar=0 other=0 mobile=0 showBar=0 showBarNTP=1
2026-08-13 07:10:28.333: [INFO] BookmarksSnapshot Shutdown total=0 bar=0 other=0 mobile=0 showBar=0 showBarNTP=1
2026-08-13 07:13:53.577: [INFO] CurrentProfilePath: C:\Practice\.metadata\.plugins\org.eclipse.swt\EBWebView\Default
2026-08-13 07:13:53.577: [INFO] Profiles total count: 1
2026-08-13 07:13:53.577: [INFO] Profile: name=Profile 1 path=C:\Practice\.metadata\.plugins\org.eclipse.swt\EBWebView\Default lastActive=null
2026-08-13 07:13:53.577: [INFO] LastUsedProfileDir: C:\Practice\.metadata\.plugins\org.eclipse.swt\EBWebView\Default
2026-08-13 07:13:53.577: [INFO] OnDoneLoading sync enabled: 0
2026-08-13 07:13:53.577: [INFO] BookmarkModelLoaded, ids_reassigned: 0
2026-08-13 07:13:53.577: [INFO] BookmarksLoadDropped droppedNodes=0
2026-08-13 07:13:53.577: [INFO] BookmarksSnapshot Startup total=0 bar=0 other=0 mobile=0 showBar=0 showBarNTP=1
2026-08-13 07:55:22.208: [INFO] BookmarksSnapshot Shutdown total=0 bar=0 other=0 mobile=0 showBar=0 showBarNTP=1
2026-08-13 15:28:23.257: [INFO] CurrentProfilePath: C:\Practice\.metadata\.plugins\org.eclipse.swt\EBWebView\Default
2026-08-13 15:28:23.257: [INFO] Profiles total count: 1
2026-08-13 15:28:23.257: [INFO] Profile: name=Profile 1 path=C:\Practice\.metadata\.plugins\org.eclipse.swt\EBWebView\Default lastActive=null
2026-08-13 15:28:23.257: [INFO] LastUsedProfileDir: C:\Practice\.metadata\.plugins\org.eclipse.swt\EBWebView\Default
2026-08-13 15:28:23.257: [INFO] OnDoneLoading sync enabled: 0
2026-08-13 15:28:23.257: [INFO] BookmarkModelLoaded, ids_reassigned: 0
2026-08-13 15:28:23.257: [INFO] BookmarksLoadDropped droppedNodes=0
2026-08-13 15:28:23.257: [INFO] BookmarksSnapshot Startup total=0 bar=0 other=0 mobile=0 showBar=0 showBarNTP=1
2026-08-13 15:28:29.255: [INFO] BookmarksSnapshot Shutdown total=0 bar=0 other=0 mobile=0 showBar=0 showBarNTP=1
2026-08-13 15:28:41.786: [INFO] CurrentProfilePath: C:\Practice\.metadata\.plugins\org.eclipse.swt\EBWebView\Default
2026-08-13 15:28:41.786: [INFO] Profiles total count: 1
2026-08-13 15:28:41.786: [INFO] Profile: name=Profile 1 path=C:\Practice\.metadata\.plugins\org.eclipse.swt\EBWebView\Default lastActive=null
2026-08-13 15:28:41.786: [INFO] LastUsedProfileDir: C:\Practice\.metadata\.plugins\org.eclipse.swt\EBWebView\Default
2026-08-13 15:28:41.786: [INFO] OnDoneLoading sync enabled: 0
2026-08-13 15:28:41.786: [INFO] BookmarkModelLoaded, ids_reassigned: 0
2026-08-13 15:28:41.786: [INFO] BookmarksLoadDropped droppedNodes=0
2026-08-13 15:28:41.786: [INFO] BookmarksSnapshot Startup total=0 bar=0 other=0 mobile=0 showBar=0 showBarNTP=1
2026-08-13 15:28:48.575: [INFO] BookmarksSnapshot Shutdown total=0 bar=0 other=0 mobile=0 showBar=0 showBarNTP=1
2026-08-13 15:29:26.529: [INFO] CurrentProfilePath: C:\Practice\.metadata\.plugins\org.eclipse.swt\EBWebView\Default
2026-08-13 15:29:26.529: [INFO] Profiles total count: 1
2026-08-13 15:29:26.529: [INFO] Profile: name=Profile 1 path=C:\Practice\.metadata\.plugins\org.eclipse.swt\EBWebView\Default lastActive=null
2026-08-13 15:29:26.529: [INFO] LastUsedProfileDir: C:\Practice\.metadata\.plugins\org.eclipse.swt\EBWebView\Default
2026-08-13 15:29:26.529: [INFO] OnDoneLoading sync enabled: 0
2026-08-13 15:29:26.529: [INFO] BookmarkModelLoaded, ids_reassigned: 0
2026-08-13 15:29:26.529: [INFO] BookmarksLoadDropped droppedNodes=0
2026-08-13 15:29:26.529: [INFO] BookmarksSnapshot Startup total=0 bar=0 other=0 mobile=0 showBar=0 showBarNTP=1
2026-08-13 15:29:32.788: [INFO] BookmarksSnapshot Shutdown total=0 bar=0 other=0 mobile=0 showBar=0 showBarNTP=1
2026-08-13 15:30:21.530: [INFO] CurrentProfilePath: C:\Practice\.metadata\.plugins\org.eclipse.swt\EBWebView\Default
2026-08-13 15:30:21.530: [INFO] Profiles total count: 1
2026-08-13 15:30:21.530: [INFO] Profile: name=Profile 1 path=C:\Practice\.metadata\.plugins\org.eclipse.swt\EBWebView\Default lastActive=null
2026-08-13 15:30:21.530: [INFO] LastUsedProfileDir: C:\Practice\.metadata\.plugins\org.eclipse.swt\EBWebView\Default
2026-08-13 15:30:21.530: [INFO] OnDoneLoading sync enabled: 0
2026-08-13 15:30:21.530: [INFO] BookmarkModelLoaded, ids_reassigned: 0
2026-08-13 15:30:21.530: [INFO] BookmarksLoadDropped droppedNodes=0
2026-08-13 15:30:21.530: [INFO] BookmarksSnapshot Startup total=0 bar=0 other=0 mobile=0 showBar=0 showBarNTP=1
2026-08-13 15:30:25.890: [INFO] BookmarksSnapshot Shutdown total=0 bar=0 other=0 mobile=0 showBar=0 showBarNTP=1
2026-08-13 15:33:09.722: [INFO] CurrentProfilePath: C:\Practice\.metadata\.plugins\org.eclipse.swt\EBWebView\Default
2026-08-13 15:33:09.722: [INFO] Profiles total count: 1
2026-08-13 15:33:09.723: [INFO] Profile: name=Profile 1 path=C:\Practice\.metadata\.plugins\org.eclipse.swt\EBWebView\Default lastActive=null
2026-08-13 15:33:09.723: [INFO] LastUsedProfileDir: C:\Practice\.metadata\.plugins\org.eclipse.swt\EBWebView\Default
2026-08-13 15:33:09.723: [INFO] OnDoneLoading sync enabled: 0
2026-08-13 15:33:09.723: [INFO] BookmarkModelLoaded, ids_reassigned: 0
2026-08-13 15:33:09.723: [INFO] BookmarksLoadDropped droppedNodes=0
2026-08-13 15:33:09.723: [INFO] BookmarksSnapshot Startup total=0 bar=0 other=0 mobile=0 showBar=0 showBarNTP=1
2026-08-13 15:33:15.300: [INFO] BookmarksSnapshot Shutdown total=0 bar=0 other=0 mobile=0 showBar=0 showBarNTP=1
2026-08-13 15:33:22.786: [INFO] CurrentProfilePath: C:\Practice\.metadata\.plugins\org.eclipse.swt\EBWebView\Default
2026-08-13 15:33:22.786: [INFO] Profiles total count: 1
2026-08-13 15:33:22.786: [INFO] Profile: name=Profile 1 path=C:\Practice\.metadata\.plugins\org.eclipse.swt\EBWebView\Default lastActive=null
2026-08-13 15:33:22.786: [INFO] LastUsedProfileDir: C:\Practice\.metadata\.plugins\org.eclipse.swt\EBWebView\Default
2026-08-13 15:33:22.786: [INFO] OnDoneLoading sync enabled: 0
2026-08-13 15:33:22.786: [INFO] BookmarkModelLoaded, ids_reassigned: 0
2026-08-13 15:33:22.786: [INFO] BookmarksLoadDropped droppedNodes=0
2026-08-13 15:33:22.786: [INFO] BookmarksSnapshot Startup total=0 bar=0 other=0 mobile=0 showBar=0 showBarNTP=1
2026-08-13 15:33:29.850: [INFO] BookmarksSnapshot Shutdown total=0 bar=0 other=0 mobile=0 showBar=0 showBarNTP=1
2026-08-13 15:34:50.958: [INFO] CurrentProfilePath: C:\Practice\.metadata\.plugins\org.eclipse.swt\EBWebView\Default
2026-08-13 15:34:50.958: [INFO] Profiles total count: 1
2026-08-13 15:34:50.958: [INFO] Profile: name=Profile 1 path=C:\Practice\.metadata\.plugins\org.eclipse.swt\EBWebView\Default lastActive=null
2026-08-13 15:34:50.958: [INFO] LastUsedProfileDir: C:\Practice\.metadata\.plugins\org.eclipse.swt\EBWebView\Default
2026-08-13 15:34:50.958: [INFO] OnDoneLoading sync enabled: 0
2026-08-13 15:34:50.958: [INFO] BookmarkModelLoaded, ids_reassigned: 0
2026-08-13 15:34:50.958: [INFO] BookmarksLoadDropped droppedNodes=0
2026-08-13 15:34:50.958: [INFO] BookmarksSnapshot Startup total=0 bar=0 other=0 mobile=0 showBar=0 showBarNTP=1
2026-08-13 15:35:25.824: [INFO] BookmarksSnapshot Shutdown total=0 bar=0 other=0 mobile=0 showBar=0 showBarNTP=1
2026-08-13 15:36:49.281: [INFO] CurrentProfilePath: C:\Practice\.metadata\.plugins\org.eclipse.swt\EBWebView\Default
2026-08-13 15:36:49.281: [INFO] Profiles total count: 1
2026-08-13 15:36:49.281: [INFO] Profile: name=Profile 1 path=C:\Practice\.metadata\.plugins\org.eclipse.swt\EBWebView\Default lastActive=null
2026-08-13 15:36:49.281: [INFO] LastUsedProfileDir: C:\Practice\.metadata\.plugins\org.eclipse.swt\EBWebView\Default
2026-08-13 15:36:49.281: [INFO] OnDoneLoading sync enabled: 0
2026-08-13 15:36:49.281: [INFO] BookmarkModelLoaded, ids_reassigned: 0
2026-08-13 15:36:49.281: [INFO] BookmarksLoadDropped droppedNodes=0
2026-08-13 15:36:49.281: [INFO] BookmarksSnapshot Startup total=0 bar=0 other=0 mobile=0 showBar=0 showBarNTP=1
2026-08-13 17:00:17.852: [INFO] BookmarksSnapshot Shutdown total=0 bar=0 other=0 mobile=0 showBar=0 showBarNTP=1
2026-08-14 06:49:16.580: [INFO] CurrentProfilePath: C:\Practice\.metadata\.plugins\org.eclipse.swt\EBWebView\Default
2026-08-14 06:49:16.580: [INFO] Profiles total count: 1
2026-08-14 06:49:16.580: [INFO] Profile: name=Profile 1 path=C:\Practice\.metadata\.plugins\org.eclipse.swt\EBWebView\Default lastActive=null
2026-08-14 06:49:16.580: [INFO] LastUsedProfileDir: C:\Practice\.metadata\.plugins\org.eclipse.swt\EBWebView\Default
2026-08-14 06:49:16.580: [INFO] OnDoneLoading sync enabled: 0
2026-08-14 06:49:16.580: [INFO] BookmarkModelLoaded, ids_reassigned: 0
2026-08-14 06:49:16.580: [INFO] BookmarksLoadDropped droppedNodes=0
2026-08-14 06:49:16.580: [INFO] BookmarksSnapshot Startup total=0 bar=0 other=0 mobile=0 showBar=0 showBarNTP=1
2026-08-14 08:06:22.757: [INFO] BookmarksSnapshot Shutdown total=0 bar=0 other=0 mobile=0 showBar=0 showBarNTP=1
2026-08-14 10:07:27.483: [INFO] CurrentProfilePath: C:\Practice\.metadata\.plugins\org.eclipse.swt\EBWebView\Default
2026-08-14 10:07:27.483: [INFO] Profiles total count: 1
2026-08-14 10:07:27.483: [INFO] Profile: name=Profile 1 path=C:\Practice\.metadata\.plugins\org.eclipse.swt\EBWebView\Default lastActive=null
2026-08-14 10:07:27.483: [INFO] LastUsedProfileDir: C:\Practice\.metadata\.plugins\org.eclipse.swt\EBWebView\Default
2026-08-14 10:07:27.483: [INFO] OnDoneLoading sync enabled: 0
2026-08-14 10:07:27.483: [INFO] BookmarkModelLoaded, ids_reassigned: 0
2026-08-14 10:07:27.483: [INFO] BookmarksLoadDropped droppedNodes=0
2026-08-14 10:07:27.483: [INFO] BookmarksSnapshot Startup total=0 bar=0 other=0 mobile=0 showBar=0 showBarNTP=1
2026-08-14 10:07:39.403: [INFO] BookmarksSnapshot Shutdown total=0 bar=0 other=0 mobile=0 showBar=0 showBarNTP=1
2026-08-14 10:09:42.752: [INFO] CurrentProfilePath: C:\Practice\.metadata\.plugins\org.eclipse.swt\EBWebView\Default
2026-08-14 10:09:42.752: [INFO] Profiles total count: 1
2026-08-14 10:09:42.752: [INFO] Profile: name=Profile 1 path=C:\Practice\.metadata\.plugins\org.eclipse.swt\EBWebView\Default lastActive=null
2026-08-14 10:09:42.752: [INFO] LastUsedProfileDir: C:\Practice\.metadata\.plugins\org.eclipse.swt\EBWebView\Default
2026-08-14 10:09:42.752: [INFO] OnDoneLoading sync enabled: 0
2026-08-14 10:09:42.752: [INFO] BookmarkModelLoaded, ids_reassigned: 0
2026-08-14 10:09:42.752: [INFO] BookmarksLoadDropped droppedNodes=0
2026-08-14 10:09:42.752: [INFO] BookmarksSnapshot Startup total=0 bar=0 other=0 mobile=0 showBar=0 showBarNTP=1
2026-08-14 10:09:42.963: [INFO] BookmarksSnapshot Shutdown total=0 bar=0 other=0 mobile=0 showBar=0 showBarNTP=1
2026-08-14 10:12:20.959: [INFO] CurrentProfilePath: C:\Practice\.metadata\.plugins\org.eclipse.swt\EBWebView\Default
2026-08-14 10:12:20.959: [INFO] Profiles total count: 1
2026-08-14 10:12:20.959: [INFO] Profile: name=Profile 1 path=C:\Practice\.metadata\.plugins\org.eclipse.swt\EBWebView\Default lastActive=null
2026-08-14 10:12:20.959: [INFO] LastUsedProfileDir: C:\Practice\.metadata\.plugins\org.eclipse.swt\EBWebView\Default
2026-08-14 10:12:20.959: [INFO] OnDoneLoading sync enabled: 0
2026-08-14 10:12:20.959: [INFO] BookmarkModelLoaded, ids_reassigned: 0
2026-08-14 10:12:20.959: [INFO] BookmarksLoadDropped droppedNodes=0
2026-08-14 10:12:20.959: [INFO] BookmarksSnapshot Startup total=0 bar=0 other=0 mobile=0 showBar=0 showBarNTP=1
2026-08-14 10:19:50.167: [INFO] BookmarksSnapshot Shutdown total=0 bar=0 other=0 mobile=0 showBar=0 showBarNTP=1
2026-08-14 13:56:35.729: [INFO] CurrentProfilePath: C:\Practice\.metadata\.plugins\org.eclipse.swt\EBWebView\Default
2026-08-14 13:56:35.729: [INFO] Profiles total count: 1
2026-08-14 13:56:35.729: [INFO] Profile: name=Profile 1 path=C:\Practice\.metadata\.plugins\org.eclipse.swt\EBWebView\Default lastActive=null
2026-08-14 13:56:35.729: [INFO] LastUsedProfileDir: C:\Practice\.metadata\.plugins\org.eclipse.swt\EBWebView\Default
2026-08-14 13:56:35.729: [INFO] OnDoneLoading sync enabled: 0
2026-08-14 13:56:35.729: [INFO] BookmarkModelLoaded, ids_reassigned: 0
2026-08-14 13:56:35.729: [INFO] BookmarksLoadDropped droppedNodes=0
2026-08-14 13:56:35.729: [INFO] BookmarksSnapshot Startup total=0 bar=0 other=0 mobile=0 showBar=0 showBarNTP=1
2026-08-14 17:39:02.965: [INFO] BookmarksSnapshot Shutdown total=0 bar=0 other=0 mobile=0 showBar=0 showBarNTP=1
2026-08-15 03:34:44.697: [INFO] CurrentProfilePath: C:\Practice\.metadata\.plugins\org.eclipse.swt\EBWebView\Default
2026-08-15 03:34:44.697: [INFO] Profiles total count: 1
2026-08-15 03:34:44.697: [INFO] Profile: name=Profile 1 path=C:\Practice\.metadata\.plugins\org.eclipse.swt\EBWebView\Default lastActive=2026-08-14T17:37:44.421Z
2026-08-15 03:34:44.697: [INFO] LastUsedProfileDir: C:\Practice\.metadata\.plugins\org.eclipse.swt\EBWebView\Default
2026-08-15 03:34:44.697: [INFO] MostRecentlyActiveProfile: name=Profile 1 path=C:\Practice\.metadata\.plugins\org.eclipse.swt\EBWebView\Default lastActive=2026-08-14T17:37:44.421Z
2026-08-15 03:34:44.697: [INFO] OnDoneLoading sync enabled: 0
2026-08-15 03:34:44.697: [INFO] BookmarkModelLoaded, ids_reassigned: 0
2026-08-15 03:34:44.697: [INFO] BookmarksLoadDropped droppedNodes=0
2026-08-15 03:34:44.697: [INFO] BookmarksSnapshot Startup total=0 bar=0 other=0 mobile=0 showBar=0 showBarNTP=1
2026-08-15 09:17:13.883: [INFO] BookmarksSnapshot Shutdown total=0 bar=0 other=0 mobile=0 showBar=0 showBarNTP=1
2026-08-16 05:19:15.766: [INFO] CurrentProfilePath: C:\Practice\.metadata\.plugins\org.eclipse.swt\EBWebView\Default
2026-08-16 05:19:15.766: [INFO] Profiles total count: 1
2026-08-16 05:19:15.767: [INFO] Profile: name=Profile 1 path=C:\Practice\.metadata\.plugins\org.eclipse.swt\EBWebView\Default lastActive=2026-08-14T17:37:44.421Z
2026-08-16 05:19:15.767: [INFO] LastUsedProfileDir: C:\Practice\.metadata\.plugins\org.eclipse.swt\EBWebView\Default
2026-08-16 05:19:15.767: [INFO] MostRecentlyActiveProfile: name=Profile 1 path=C:\Practice\.metadata\.plugins\org.eclipse.swt\EBWebView\Default lastActive=2026-08-14T17:37:44.421Z
2026-08-16 05:19:15.767: [INFO] OnDoneLoading sync enabled: 0
2026-08-16 05:19:15.767: [INFO] BookmarkModelLoaded, ids_reassigned: 0
2026-08-16 05:19:15.767: [INFO] BookmarksLoadDropped droppedNodes=0
2026-08-16 05:19:15.767: [INFO] BookmarksSnapshot Startup total=0 bar=0 other=0 mobile=0 showBar=0 showBarNTP=1
2026-08-16 06:09:36.108: [INFO] BookmarksSnapshot Shutdown total=0 bar=0 other=0 mobile=0 showBar=0 showBarNTP=1
2026-08-16 13:35:41.864: [INFO] CurrentProfilePath: C:\Practice\.metadata\.plugins\org.eclipse.swt\EBWebView\Default
2026-08-16 13:35:41.864: [INFO] Profiles total count: 1
2026-08-16 13:35:41.865: [INFO] Profile: name=Profile 1 path=C:\Practice\.metadata\.plugins\org.eclipse.swt\EBWebView\Default lastActive=2026-08-14T17:37:44.421Z
2026-08-16 13:35:41.865: [INFO] LastUsedProfileDir: C:\Practice\.metadata\.plugins\org.eclipse.swt\EBWebView\Default
2026-08-16 13:35:41.865: [INFO] MostRecentlyActiveProfile: name=Profile 1 path=C:\Practice\.metadata\.plugins\org.eclipse.swt\EBWebView\Default lastActive=2026-08-14T17:37:44.421Z
2026-08-16 13:35:41.865: [INFO] OnDoneLoading sync enabled: 0
2026-08-16 13:35:41.865: [INFO] BookmarkModelLoaded, ids_reassigned: 0
2026-08-16 13:35:41.865: [INFO] BookmarksLoadDropped droppedNodes=0
2026-08-16 13:35:41.865: [INFO] BookmarksSnapshot Startup total=0 bar=0 other=0 mobile=0 showBar=0 showBarNTP=1
2026-08-16 17:27:23.472: [INFO] BookmarksSnapshot Shutdown total=0 bar=0 other=0 mobile=0 showBar=0 showBarNTP=1
2026-08-17 04:59:23.577: [INFO] CurrentProfilePath: C:\Practice\.metadata\.plugins\org.eclipse.swt\EBWebView\Default
2026-08-17 04:59:23.577: [INFO] Profiles total count: 1
2026-08-17 04:59:23.578: [INFO] Profile: name=Profile 1 path=C:\Practice\.metadata\.plugins\org.eclipse.swt\EBWebView\Default lastActive=2026-08-14T17:37:44.421Z
2026-08-17 04:59:23.578: [INFO] LastUsedProfileDir: C:\Practice\.metadata\.plugins\org.eclipse.swt\EBWebView\Default
2026-08-17 04:59:23.578: [INFO] MostRecentlyActiveProfile: name=Profile 1 path=C:\Practice\.metadata\.plugins\org.eclipse.swt\EBWebView\Default lastActive=2026-08-14T17:37:44.421Z
2026-08-17 04:59:23.578: [INFO] OnDoneLoading sync enabled: 0
2026-08-17 04:59:23.578: [INFO] BookmarkModelLoaded, ids_reassigned: 0
2026-08-17 04:59:23.578: [INFO] BookmarksLoadDropped droppedNodes=0
2026-08-17 04:59:23.578: [INFO] BookmarksSnapshot Startup total=0 bar=0 other=0 mobile=0 showBar=0 showBarNTP=1
2026-08-17 04:59:37.774: [INFO] BookmarksSnapshot Shutdown total=0 bar=0 other=0 mobile=0 showBar=0 showBarNTP=1
2026-08-17 09:19:29.042: [INFO] CurrentProfilePath: C:\Practice\.metadata\.plugins\org.eclipse.swt\EBWebView\Default
2026-08-17 09:19:29.042: [INFO] Profiles total count: 1
2026-08-17 09:19:29.042: [INFO] Profile: name=Profile 1 path=C:\Practice\.metadata\.plugins\org.eclipse.swt\EBWebView\Default lastActive=2026-08-14T17:37:44.421Z
2026-08-17 09:19:29.042: [INFO] LastUsedProfileDir: C:\Practice\.metadata\.plugins\org.eclipse.swt\EBWebView\Default
2026-08-17 09:19:29.042: [INFO] MostRecentlyActiveProfile: name=Profile 1 path=C:\Practice\.metadata\.plugins\org.eclipse.swt\EBWebView\Default lastActive=2026-08-14T17:37:44.421Z
2026-08-17 09:19:29.042: [INFO] OnDoneLoading sync enabled: 0
2026-08-17 09:19:29.042: [INFO] BookmarkModelLoaded, ids_reassigned: 0
2026-08-17 09:19:29.042: [INFO] BookmarksLoadDropped droppedNodes=0
2026-08-17 09:19:29.042: [INFO] BookmarksSnapshot Startup total=0 bar=0 other=0 mobile=0 showBar=0 showBarNTP=1
2026-08-17 09:20:17.945: [INFO] BookmarksSnapshot Shutdown total=0 bar=0 other=0 mobile=0 showBar=0 showBarNTP=1
2026-08-17 09:21:05.432: [INFO] CurrentProfilePath: C:\Practice\.metadata\.plugins\org.eclipse.swt\EBWebView\Default
2026-08-17 09:21:05.432: [INFO] Profiles total count: 1
2026-08-17 09:21:05.432: [INFO] Profile: name=Profile 1 path=C:\Practice\.metadata\.plugins\org.eclipse.swt\EBWebView\Default lastActive=2026-08-14T17:37:44.421Z
2026-08-17 09:21:05.432: [INFO] LastUsedProfileDir: C:\Practice\.metadata\.plugins\org.eclipse.swt\EBWebView\Default
2026-08-17 09:21:05.432: [INFO] MostRecentlyActiveProfile: name=Profile 1 path=C:\Practice\.metadata\.plugins\org.eclipse.swt\EBWebView\Default lastActive=2026-08-14T17:37:44.421Z
2026-08-17 09:21:05.432: [INFO] OnDoneLoading sync enabled: 0
2026-08-17 09:21:05.432: [INFO] BookmarkModelLoaded, ids_reassigned: 0
2026-08-17 09:21:05.432: [INFO] BookmarksLoadDropped droppedNodes=0
2026-08-17 09:21:05.432: [INFO] BookmarksSnapshot Startup total=0 bar=0 other=0 mobile=0 showBar=0 showBarNTP=1
2026-08-17 09:41:09.047: [INFO] BookmarksSnapshot Shutdown total=0 bar=0 other=0 mobile=0 showBar=0 showBarNTP=1
2026-08-17 12:41:29.055: [INFO] CurrentProfilePath: C:\Practice\.metadata\.plugins\org.eclipse.swt\EBWebView\Default
2026-08-17 12:41:29.055: [INFO] Profiles total count: 1
2026-08-17 12:41:29.055: [INFO] Profile: name=Profile 1 path=C:\Practice\.metadata\.plugins\org.eclipse.swt\EBWebView\Default lastActive=2026-08-14T17:37:44.421Z
2026-08-17 12:41:29.055: [INFO] LastUsedProfileDir: C:\Practice\.metadata\.plugins\org.eclipse.swt\EBWebView\Default
2026-08-17 12:41:29.055: [INFO] MostRecentlyActiveProfile: name=Profile 1 path=C:\Practice\.metadata\.plugins\org.eclipse.swt\EBWebView\Default lastActive=2026-08-14T17:37:44.421Z
2026-08-17 12:41:29.055: [INFO] OnDoneLoading sync enabled: 0
2026-08-17 12:41:29.055: [INFO] BookmarkModelLoaded, ids_reassigned: 0
2026-08-17 12:41:29.055: [INFO] BookmarksLoadDropped droppedNodes=0
2026-08-17 12:41:29.055: [INFO] BookmarksSnapshot Startup total=0 bar=0 other=0 mobile=0 showBar=0 showBarNTP=1
2026-08-17 14:40:16.384: [INFO] BookmarksSnapshot Shutdown total=0 bar=0 other=0 mobile=0 showBar=0 showBarNTP=1
2026-08-18 03:12:41.939: [INFO] CurrentProfilePath: C:\Practice\.metadata\.plugins\org.eclipse.swt\EBWebView\Default
2026-08-18 03:12:41.939: [INFO] Profiles total count: 1
2026-08-18 03:12:41.940: [INFO] Profile: name=Profile 1 path=C:\Practice\.metadata\.plugins\org.eclipse.swt\EBWebView\Default lastActive=2026-08-14T17:37:44.421Z
2026-08-18 03:12:41.940: [INFO] LastUsedProfileDir: C:\Practice\.metadata\.plugins\org.eclipse.swt\EBWebView\Default
2026-08-18 03:12:41.940: [INFO] MostRecentlyActiveProfile: name=Profile 1 path=C:\Practice\.metadata\.plugins\org.eclipse.swt\EBWebView\Default lastActive=2026-08-14T17:37:44.421Z
2026-08-18 03:12:41.940: [INFO] OnDoneLoading sync enabled: 0
2026-08-18 03:12:41.940: [INFO] BookmarkModelLoaded, ids_reassigned: 0
2026-08-18 03:12:41.940: [INFO] BookmarksLoadDropped droppedNodes=0
2026-08-18 03:12:41.940: [INFO] BookmarksSnapshot Startup total=0 bar=0 other=0 mobile=0 showBar=0 showBarNTP=1
2026-08-18 03:28:48.867: [INFO] BookmarksSnapshot Shutdown total=0 bar=0 other=0 mobile=0 showBar=0 showBarNTP=1
2026-08-18 13:49:10.237: [INFO] CurrentProfilePath: C:\Practice\.metadata\.plugins\org.eclipse.swt\EBWebView\Default
2026-08-18 13:49:10.237: [INFO] Profiles total count: 1
2026-08-18 13:49:10.238: [INFO] Profile: name=Profile 1 path=C:\Practice\.metadata\.plugins\org.eclipse.swt\EBWebView\Default lastActive=2026-08-14T17:37:44.421Z
2026-08-18 13:49:10.238: [INFO] LastUsedProfileDir: C:\Practice\.metadata\.plugins\org.eclipse.swt\EBWebView\Default
2026-08-18 13:49:10.238: [INFO] MostRecentlyActiveProfile: name=Profile 1 path=C:\Practice\.metadata\.plugins\org.eclipse.swt\EBWebView\Default lastActive=2026-08-14T17:37:44.421Z
2026-08-18 13:49:10.238: [INFO] OnDoneLoading sync enabled: 0
2026-08-18 13:49:10.238: [INFO] BookmarkModelLoaded, ids_reassigned: 0
2026-08-18 13:49:10.238: [INFO] BookmarksLoadDropped droppedNodes=0
2026-08-18 13:49:10.238: [INFO] BookmarksSnapshot Startup total=0 bar=0 other=0 mobile=0 showBar=0 showBarNTP=1
2026-08-18 15:18:47.534: [INFO] BookmarksSnapshot Shutdown total=0 bar=0 other=0 mobile=0 showBar=0 showBarNTP=1
2026-08-18 16:27:54.503: [INFO] CurrentProfilePath: C:\Practice\.metadata\.plugins\org.eclipse.swt\EBWebView\Default
2026-08-18 16:27:54.503: [INFO] Profiles total count: 1
2026-08-18 16:27:54.503: [INFO] Profile: name=Profile 1 path=C:\Practice\.metadata\.plugins\org.eclipse.swt\EBWebView\Default lastActive=2026-08-14T17:37:44.421Z
2026-08-18 16:27:54.503: [INFO] LastUsedProfileDir: C:\Practice\.metadata\.plugins\org.eclipse.swt\EBWebView\Default
2026-08-18 16:27:54.503: [INFO] MostRecentlyActiveProfile: name=Profile 1 path=C:\Practice\.metadata\.plugins\org.eclipse.swt\EBWebView\Default lastActive=2026-08-14T17:37:44.421Z
2026-08-18 16:27:54.503: [INFO] OnDoneLoading sync enabled: 0
2026-08-18 16:27:54.503: [INFO] BookmarkModelLoaded, ids_reassigned: 0
2026-08-18 16:27:54.503: [INFO] BookmarksLoadDropped droppedNodes=0
2026-08-18 16:27:54.503: [INFO] BookmarksSnapshot Startup total=0 bar=0 other=0 mobile=0 showBar=0 showBarNTP=1
2026-08-18 17:14:41.081: [INFO] BookmarksSnapshot Shutdown total=0 bar=0 other=0 mobile=0 showBar=0 showBarNTP=1
2026-08-19 15:40:34.078: [INFO] CurrentProfilePath: C:\Practice\.metadata\.plugins\org.eclipse.swt\EBWebView\Default
2026-08-19 15:40:34.078: [INFO] Profiles total count: 1
2026-08-19 15:40:34.080: [INFO] Profile: name=Profile 1 path=C:\Practice\.metadata\.plugins\org.eclipse.swt\EBWebView\Default lastActive=2026-08-14T17:37:44.421Z
2026-08-19 15:40:34.080: [INFO] LastUsedProfileDir: C:\Practice\.metadata\.plugins\org.eclipse.swt\EBWebView\Default
2026-08-19 15:40:34.080: [INFO] MostRecentlyActiveProfile: name=Profile 1 path=C:\Practice\.metadata\.plugins\org.eclipse.swt\EBWebView\Default lastActive=2026-08-14T17:37:44.421Z
2026-08-19 15:40:34.080: [INFO] OnDoneLoading sync enabled: 0
2026-08-19 15:40:34.080: [INFO] BookmarkModelLoaded, ids_reassigned: 0
2026-08-19 15:40:34.080: [INFO] BookmarksLoadDropped droppedNodes=0
2026-08-19 15:40:34.080: [INFO] BookmarksSnapshot Startup total=0 bar=0 other=0 mobile=0 showBar=0 showBarNTP=1
2026-08-19 16:58:23.898: [INFO] BookmarksSnapshot Shutdown total=0 bar=0 other=0 mobile=0 showBar=0 showBarNTP=1
2026-08-20 10:14:25.873: [INFO] CurrentProfilePath: C:\Practice\.metadata\.plugins\org.eclipse.swt\EBWebView\Default
2026-08-20 10:14:25.873: [INFO] Profiles total count: 1
2026-08-20 10:14:25.873: [INFO] Profile: name=Profile 1 path=C:\Practice\.metadata\.plugins\org.eclipse.swt\EBWebView\Default lastActive=2026-08-14T17:37:44.421Z
2026-08-20 10:14:25.873: [INFO] LastUsedProfileDir: C:\Practice\.metadata\.plugins\org.eclipse.swt\EBWebView\Default
2026-08-20 10:14:25.873: [INFO] MostRecentlyActiveProfile: name=Profile 1 path=C:\Practice\.metadata\.plugins\org.eclipse.swt\EBWebView\Default lastActive=2026-08-14T17:37:44.421Z
2026-08-20 10:14:25.873: [INFO] OnDoneLoading sync enabled: 0
2026-08-20 10:14:25.873: [INFO] BookmarkModelLoaded, ids_reassigned: 0
2026-08-20 10:14:25.873: [INFO] BookmarksLoadDropped droppedNodes=0
2026-08-20 10:14:25.873: [INFO] BookmarksSnapshot Startup total=0 bar=0 other=0 mobile=0 showBar=0 showBarNTP=1
2026-08-20 10:46:28.665: [INFO] BookmarksSnapshot Shutdown total=0 bar=0 other=0 mobile=0 showBar=0 showBarNTP=1
2026-08-20 15:23:42.373: [INFO] CurrentProfilePath: C:\Practice\.metadata\.plugins\org.eclipse.swt\EBWebView\Default
2026-08-20 15:23:42.373: [INFO] Profiles total count: 1
2026-08-20 15:23:42.374: [INFO] Profile: name=Profile 1 path=C:\Practice\.metadata\.plugins\org.eclipse.swt\EBWebView\Default lastActive=2026-08-14T17:37:44.421Z
2026-08-20 15:23:42.374: [INFO] LastUsedProfileDir: C:\Practice\.metadata\.plugins\org.eclipse.swt\EBWebView\Default
2026-08-20 15:23:42.374: [INFO] MostRecentlyActiveProfile: name=Profile 1 path=C:\Practice\.metadata\.plugins\org.eclipse.swt\EBWebView\Default lastActive=2026-08-14T17:37:44.421Z
2026-08-20 15:23:42.374: [INFO] OnDoneLoading sync enabled: 0
2026-08-20 15:23:42.374: [INFO] BookmarkModelLoaded, ids_reassigned: 0
2026-08-20 15:23:42.374: [INFO] BookmarksLoadDropped droppedNodes=0
2026-08-20 15:23:42.374: [INFO] BookmarksSnapshot Startup total=0 bar=0 other=0 mobile=0 showBar=0 showBarNTP=1
2026-08-20 16:11:46.668: [INFO] BookmarksSnapshot Shutdown total=0 bar=0 other=0 mobile=0 showBar=0 showBarNTP=1
2026-08-22 12:04:32.010: [INFO] CurrentProfilePath: C:\Practice\.metadata\.plugins\org.eclipse.swt\EBWebView\Default
2026-08-22 12:04:32.010: [INFO] Profiles total count: 1
2026-08-22 12:04:32.011: [INFO] Profile: name=Profile 1 path=C:\Practice\.metadata\.plugins\org.eclipse.swt\EBWebView\Default lastActive=2026-08-14T17:37:44.421Z
2026-08-22 12:04:32.011: [INFO] LastUsedProfileDir: C:\Practice\.metadata\.plugins\org.eclipse.swt\EBWebView\Default
2026-08-22 12:04:32.011: [INFO] MostRecentlyActiveProfile: name=Profile 1 path=C:\Practice\.metadata\.plugins\org.eclipse.swt\EBWebView\Default lastActive=2026-08-14T17:37:44.421Z
2026-08-22 12:04:32.011: [INFO] OnDoneLoading sync enabled: 0
2026-08-22 12:04:32.011: [INFO] BookmarkModelLoaded, ids_reassigned: 0
2026-08-22 12:04:32.011: [INFO] BookmarksLoadDropped droppedNodes=0
2026-08-22 12:04:32.011: [INFO] BookmarksSnapshot Startup total=0 bar=0 other=0 mobile=0 showBar=0 showBarNTP=1
2026-08-22 16:06:23.911: [INFO] BookmarksSnapshot Shutdown total=0 bar=0 other=0 mobile=0 showBar=0 showBarNTP=1
2026-08-24 12:53:18.446: [INFO] CurrentProfilePath: C:\Practice\.metadata\.plugins\org.eclipse.swt\EBWebView\Default
2026-08-24 12:53:18.446: [INFO] Profiles total count: 1
2026-08-24 12:53:18.447: [INFO] Profile: name=Profile 1 path=C:\Practice\.metadata\.plugins\org.eclipse.swt\EBWebView\Default lastActive=2026-08-14T17:37:44.421Z
2026-08-24 12:53:18.447: [INFO] LastUsedProfileDir: C:\Practice\.metadata\.plugins\org.eclipse.swt\EBWebView\Default
2026-08-24 12:53:18.447: [INFO] MostRecentlyActiveProfile: name=Profile 1 path=C:\Practice\.metadata\.plugins\org.eclipse.swt\EBWebView\Default lastActive=2026-08-14T17:37:44.421Z
2026-08-24 12:53:18.447: [INFO] OnDoneLoading sync enabled: 0
2026-08-24 12:53:18.447: [INFO] BookmarkModelLoaded, ids_reassigned: 0
2026-08-24 12:53:18.447: [INFO] BookmarksLoadDropped droppedNodes=0
2026-08-24 12:53:18.447: [INFO] BookmarksSnapshot Startup total=0 bar=0 other=0 mobile=0 showBar=0 showBarNTP=1
2026-08-24 12:54:17.984: [INFO] BookmarksSnapshot Shutdown total=0 bar=0 other=0 mobile=0 showBar=0 showBarNTP=1
2026-08-24 12:54:23.013: [INFO] CurrentProfilePath: C:\Practice\.metadata\.plugins\org.eclipse.swt\EBWebView\Default
2026-08-24 12:54:23.013: [INFO] Profiles total count: 1
2026-08-24 12:54:23.013: [INFO] Profile: name=Profile 1 path=C:\Practice\.metadata\.plugins\org.eclipse.swt\EBWebView\Default lastActive=2026-08-14T17:37:44.421Z
2026-08-24 12:54:23.013: [INFO] LastUsedProfileDir: C:\Practice\.metadata\.plugins\org.eclipse.swt\EBWebView\Default
2026-08-24 12:54:23.013: [INFO] MostRecentlyActiveProfile: name=Profile 1 path=C:\Practice\.metadata\.plugins\org.eclipse.swt\EBWebView\Default lastActive=2026-08-14T17:37:44.421Z
2026-08-24 12:54:23.013: [INFO] OnDoneLoading sync enabled: 0
2026-08-24 12:54:23.013: [INFO] BookmarkModelLoaded, ids_reassigned: 0
2026-08-24 12:54:23.013: [INFO] BookmarksLoadDropped droppedNodes=0
2026-08-24 12:54:23.013: [INFO] BookmarksSnapshot Startup total=0 bar=0 other=0 mobile=0 showBar=0 showBarNTP=1
2026-08-24 13:55:36.344: [INFO] BookmarksSnapshot Shutdown total=0 bar=0 other=0 mobile=0 showBar=0 showBarNTP=1
2026-08-25 11:52:57.800: [INFO] CurrentProfilePath: C:\Practice\.metadata\.plugins\org.eclipse.swt\EBWebView\Default
2026-08-25 11:52:57.800: [INFO] Profiles total count: 1
2026-08-25 11:52:57.801: [INFO] Profile: name=Profile 1 path=C:\Practice\.metadata\.plugins\org.eclipse.swt\EBWebView\Default lastActive=2026-08-14T17:37:44.421Z
2026-08-25 11:52:57.801: [INFO] LastUsedProfileDir: C:\Practice\.metadata\.plugins\org.eclipse.swt\EBWebView\Default
2026-08-25 11:52:57.801: [INFO] MostRecentlyActiveProfile: name=Profile 1 path=C:\Practice\.metadata\.plugins\org.eclipse.swt\EBWebView\Default lastActive=2026-08-14T17:37:44.421Z
2026-08-25 11:52:57.801: [INFO] OnDoneLoading sync enabled: 0
2026-08-25 11:52:57.801: [INFO] BookmarkModelLoaded, ids_reassigned: 0
2026-08-25 11:52:57.801: [INFO] BookmarksLoadDropped droppedNodes=0
2026-08-25 11:52:57.801: [INFO] BookmarksSnapshot Startup total=0 bar=0 other=0 mobile=0 showBar=0 showBarNTP=1
2026-08-25 12:00:57.639: [INFO] BookmarksSnapshot Shutdown total=0 bar=0 other=0 mobile=0 showBar=0 showBarNTP=1
2026-08-27 07:12:15.831: [INFO] CurrentProfilePath: C:\Practice\.metadata\.plugins\org.eclipse.swt\EBWebView\Default
2026-08-27 07:12:15.831: [INFO] Profiles total count: 1
2026-08-27 07:12:15.831: [INFO] Profile: name=Profile 1 path=C:\Practice\.metadata\.plugins\org.eclipse.swt\EBWebView\Default lastActive=2026-08-14T17:37:44.421Z
2026-08-27 07:12:15.831: [INFO] LastUsedProfileDir: C:\Practice\.metadata\.plugins\org.eclipse.swt\EBWebView\Default
2026-08-27 07:12:15.831: [INFO] MostRecentlyActiveProfile: name=Profile 1 path=C:\Practice\.metadata\.plugins\org.eclipse.swt\EBWebView\Default lastActive=2026-08-14T17:37:44.421Z
2026-08-27 07:12:15.831: [INFO] OnDoneLoading sync enabled: 0
2026-08-27 07:12:15.831: [INFO] BookmarkModelLoaded, ids_reassigned: 0
2026-08-27 07:12:15.831: [INFO] BookmarksLoadDropped droppedNodes=0
2026-08-27 07:12:15.831: [INFO] BookmarksSnapshot Startup total=0 bar=0 other=0 mobile=0 showBar=0 showBarNTP=1
2026-08-27 07:30:03.367: [INFO] BookmarksSnapshot Shutdown total=0 bar=0 other=0 mobile=0 showBar=0 showBarNTP=1
2026-08-27 10:34:10.195: [INFO] CurrentProfilePath: C:\Practice\.metadata\.plugins\org.eclipse.swt\EBWebView\Default
2026-08-27 10:34:10.195: [INFO] Profiles total count: 1
2026-08-27 10:34:10.197: [INFO] Profile: name=Profile 1 path=C:\Practice\.metadata\.plugins\org.eclipse.swt\EBWebView\Default lastActive=2026-08-14T17:37:44.421Z
2026-08-27 10:34:10.197: [INFO] LastUsedProfileDir: C:\Practice\.metadata\.plugins\org.eclipse.swt\EBWebView\Default
2026-08-27 10:34:10.197: [INFO] MostRecentlyActiveProfile: name=Profile 1 path=C:\Practice\.metadata\.plugins\org.eclipse.swt\EBWebView\Default lastActive=2026-08-14T17:37:44.421Z
2026-08-27 10:34:10.197: [INFO] OnDoneLoading sync enabled: 0
2026-08-27 10:34:10.197: [INFO] BookmarkModelLoaded, ids_reassigned: 0
2026-08-27 10:34:10.197: [INFO] BookmarksLoadDropped droppedNodes=0
2026-08-27 10:34:10.197: [INFO] BookmarksSnapshot Startup total=0 bar=0 other=0 mobile=0 showBar=0 showBarNTP=1
2026-08-27 10:49:38.867: [INFO] BookmarksSnapshot Shutdown total=0 bar=0 other=0 mobile=0 showBar=0 showBarNTP=1
2026-08-28 02:33:58.071: [INFO] CurrentProfilePath: C:\Practice\.metadata\.plugins\org.eclipse.swt\EBWebView\Default
2026-08-28 02:33:58.071: [INFO] Profiles total count: 1
2026-08-28 02:33:58.075: [INFO] Profile: name=Profile 1 path=C:\Practice\.metadata\.plugins\org.eclipse.swt\EBWebView\Default lastActive=2026-08-14T17:37:44.421Z
2026-08-28 02:33:58.075: [INFO] LastUsedProfileDir: C:\Practice\.metadata\.plugins\org.eclipse.swt\EBWebView\Default
2026-08-28 02:33:58.075: [INFO] MostRecentlyActiveProfile: name=Profile 1 path=C:\Practice\.metadata\.plugins\org.eclipse.swt\EBWebView\Default lastActive=2026-08-14T17:37:44.421Z
2026-08-28 02:33:58.075: [INFO] OnDoneLoading sync enabled: 0
2026-08-28 02:33:58.075: [INFO] BookmarkModelLoaded, ids_reassigned: 0
2026-08-28 02:33:58.075: [INFO] BookmarksLoadDropped droppedNodes=0
2026-08-28 02:33:58.075: [INFO] BookmarksSnapshot Startup total=0 bar=0 other=0 mobile=0 showBar=0 showBarNTP=1
2026-08-28 04:02:40.554: [INFO] BookmarksSnapshot Shutdown total=0 bar=0 other=0 mobile=0 showBar=0 showBarNTP=1
2026-08-28 06:53:46.746: [INFO] CurrentProfilePath: C:\Practice\.metadata\.plugins\org.eclipse.swt\EBWebView\Default
2026-08-28 06:53:46.746: [INFO] Profiles total count: 1
2026-08-28 06:53:46.746: [INFO] Profile: name=Profile 1 path=C:\Practice\.metadata\.plugins\org.eclipse.swt\EBWebView\Default lastActive=2026-08-14T17:37:44.421Z
2026-08-28 06:53:46.746: [INFO] LastUsedProfileDir: C:\Practice\.metadata\.plugins\org.eclipse.swt\EBWebView\Default
2026-08-28 06:53:46.746: [INFO] MostRecentlyActiveProfile: name=Profile 1 path=C:\Practice\.metadata\.plugins\org.eclipse.swt\EBWebView\Default lastActive=2026-08-14T17:37:44.421Z
2026-08-28 06:53:46.746: [INFO] OnDoneLoading sync enabled: 0
2026-08-28 06:53:46.746: [INFO] BookmarkModelLoaded, ids_reassigned: 0
2026-08-28 06:53:46.746: [INFO] BookmarksLoadDropped droppedNodes=0
2026-08-28 06:53:46.746: [INFO] BookmarksSnapshot Startup total=0 bar=0 other=0 mobile=0 showBar=0 showBarNTP=1
2026-08-28 09:20:34.464: [INFO] BookmarksSnapshot Shutdown total=0 bar=0 other=0 mobile=0 showBar=0 showBarNTP=1
2026-08-28 15:23:26.385: [INFO] CurrentProfilePath: C:\Practice\.metadata\.plugins\org.eclipse.swt\EBWebView\Default
2026-08-28 15:23:26.385: [INFO] Profiles total count: 1
2026-08-28 15:23:26.385: [INFO] Profile: name=Profile 1 path=C:\Practice\.metadata\.plugins\org.eclipse.swt\EBWebView\Default lastActive=2026-08-14T17:37:44.421Z
2026-08-28 15:23:26.385: [INFO] LastUsedProfileDir: C:\Practice\.metadata\.plugins\org.eclipse.swt\EBWebView\Default
2026-08-28 15:23:26.385: [INFO] MostRecentlyActiveProfile: name=Profile 1 path=C:\Practice\.metadata\.plugins\org.eclipse.swt\EBWebView\Default lastActive=2026-08-14T17:37:44.421Z
2026-08-28 15:23:26.385: [INFO] OnDoneLoading sync enabled: 0
2026-08-28 15:23:26.385: [INFO] BookmarkModelLoaded, ids_reassigned: 0
2026-08-28 15:23:26.385: [INFO] BookmarksLoadDropped droppedNodes=0
2026-08-28 15:23:26.385: [INFO] BookmarksSnapshot Startup total=0 bar=0 other=0 mobile=0 showBar=0 showBarNTP=1
2026-08-28 15:23:35.284: [INFO] BookmarksSnapshot Shutdown total=0 bar=0 other=0 mobile=0 showBar=0 showBarNTP=1
2026-08-28 15:23:39.258: [INFO] CurrentProfilePath: C:\Practice\.metadata\.plugins\org.eclipse.swt\EBWebView\Default
2026-08-28 15:23:39.258: [INFO] Profiles total count: 1
2026-08-28 15:23:39.258: [INFO] Profile: name=Profile 1 path=C:\Practice\.metadata\.plugins\org.eclipse.swt\EBWebView\Default lastActive=2026-08-14T17:37:44.421Z
2026-08-28 15:23:39.258: [INFO] LastUsedProfileDir: C:\Practice\.metadata\.plugins\org.eclipse.swt\EBWebView\Default
2026-08-28 15:23:39.258: [INFO] MostRecentlyActiveProfile: name=Profile 1 path=C:\Practice\.metadata\.plugins\org.eclipse.swt\EBWebView\Default lastActive=2026-08-14T17:37:44.421Z
2026-08-28 15:23:39.258: [INFO] OnDoneLoading sync enabled: 0
2026-08-28 15:23:39.258: [INFO] BookmarkModelLoaded, ids_reassigned: 0
2026-08-28 15:23:39.258: [INFO] BookmarksLoadDropped droppedNodes=0
2026-08-28 15:23:39.258: [INFO] BookmarksSnapshot Startup total=0 bar=0 other=0 mobile=0 showBar=0 showBarNTP=1
2026-08-28 15:23:45.647: [INFO] BookmarksSnapshot Shutdown total=0 bar=0 other=0 mobile=0 showBar=0 showBarNTP=1
2026-08-28 15:24:34.462: [INFO] CurrentProfilePath: C:\Practice\.metadata\.plugins\org.eclipse.swt\EBWebView\Default
2026-08-28 15:24:34.462: [INFO] Profiles total count: 1
2026-08-28 15:24:34.462: [INFO] Profile: name=Profile 1 path=C:\Practice\.metadata\.plugins\org.eclipse.swt\EBWebView\Default lastActive=2026-08-14T17:37:44.421Z
2026-08-28 15:24:34.462: [INFO] LastUsedProfileDir: C:\Practice\.metadata\.plugins\org.eclipse.swt\EBWebView\Default
2026-08-28 15:24:34.462: [INFO] MostRecentlyActiveProfile: name=Profile 1 path=C:\Practice\.metadata\.plugins\org.eclipse.swt\EBWebView\Default lastActive=2026-08-14T17:37:44.421Z
2026-08-28 15:24:34.462: [INFO] OnDoneLoading sync enabled: 0
2026-08-28 15:24:34.462: [INFO] BookmarkModelLoaded, ids_reassigned: 0
2026-08-28 15:24:34.462: [INFO] BookmarksLoadDropped droppedNodes=0
2026-08-28 15:24:34.462: [INFO] BookmarksSnapshot Startup total=0 bar=0 other=0 mobile=0 showBar=0 showBarNTP=1
2026-08-28 15:38:47.333: [INFO] BookmarksSnapshot Shutdown total=0 bar=0 other=0 mobile=0 showBar=0 showBarNTP=1
2026-08-29 03:30:29.749: [INFO] CurrentProfilePath: C:\Practice\.metadata\.plugins\org.eclipse.swt\EBWebView\Default
2026-08-29 03:30:29.749: [INFO] Profiles total count: 1
2026-08-29 03:30:29.751: [INFO] Profile: name=Profile 1 path=C:\Practice\.metadata\.plugins\org.eclipse.swt\EBWebView\Default lastActive=2026-08-14T17:37:44.421Z
2026-08-29 03:30:29.751: [INFO] LastUsedProfileDir: C:\Practice\.metadata\.plugins\org.eclipse.swt\EBWebView\Default
2026-08-29 03:30:29.751: [INFO] MostRecentlyActiveProfile: name=Profile 1 path=C:\Practice\.metadata\.plugins\org.eclipse.swt\EBWebView\Default lastActive=2026-08-14T17:37:44.421Z
2026-08-29 03:30:29.751: [INFO] OnDoneLoading sync enabled: 0
2026-08-29 03:30:29.751: [INFO] BookmarkModelLoaded, ids_reassigned: 0
2026-08-29 03:30:29.751: [INFO] BookmarksLoadDropped droppedNodes=0
2026-08-29 03:30:29.751: [INFO] BookmarksSnapshot Startup total=0 bar=0 other=0 mobile=0 showBar=0 showBarNTP=1
2026-08-29 03:39:52.721: [INFO] BookmarksSnapshot Shutdown total=0 bar=0 other=0 mobile=0 showBar=0 showBarNTP=1
2026-08-31 14:24:09.943: [INFO] CurrentProfilePath: C:\Practice\.metadata\.plugins\org.eclipse.swt\EBWebView\Default
2026-08-31 14:24:09.943: [INFO] Profiles total count: 1
2026-08-31 14:24:09.944: [INFO] Profile: name=Profile 1 path=C:\Practice\.metadata\.plugins\org.eclipse.swt\EBWebView\Default lastActive=2026-08-14T17:37:44.421Z
2026-08-31 14:24:09.944: [INFO] LastUsedProfileDir: C:\Practice\.metadata\.plugins\org.eclipse.swt\EBWebView\Default
2026-08-31 14:24:09.944: [INFO] MostRecentlyActiveProfile: name=Profile 1 path=C:\Practice\.metadata\.plugins\org.eclipse.swt\EBWebView\Default lastActive=2026-08-14T17:37:44.421Z
2026-08-31 14:24:09.944: [INFO] OnDoneLoading sync enabled: 0
2026-08-31 14:24:09.944: [INFO] BookmarkModelLoaded, ids_reassigned: 0
2026-08-31 14:24:09.944: [INFO] BookmarksLoadDropped droppedNodes=0
2026-08-31 14:24:09.944: [INFO] BookmarksSnapshot Startup total=0 bar=0 other=0 mobile=0 showBar=0 showBarNTP=1
2026-08-31 15:52:40.450: [INFO] BookmarksSnapshot Shutdown total=0 bar=0 other=0 mobile=0 showBar=0 showBarNTP=1
2026-09-03 13:52:01.913: [INFO] CurrentProfilePath: C:\Practice\.metadata\.plugins\org.eclipse.swt\EBWebView\Default
2026-09-03 13:52:01.913: [INFO] Profiles total count: 1
2026-09-03 13:52:01.913: [INFO] Profile: name=Profile 1 path=C:\Practice\.metadata\.plugins\org.eclipse.swt\EBWebView\Default lastActive=2026-08-14T17:37:44.421Z
2026-09-03 13:52:01.913: [INFO] LastUsedProfileDir: C:\Practice\.metadata\.plugins\org.eclipse.swt\EBWebView\Default
2026-09-03 13:52:01.913: [INFO] MostRecentlyActiveProfile: name=Profile 1 path=C:\Practice\.metadata\.plugins\org.eclipse.swt\EBWebView\Default lastActive=2026-08-14T17:37:44.421Z
2026-09-03 13:52:01.913: [INFO] OnDoneLoading sync enabled: 0
2026-09-03 13:52:01.913: [INFO] BookmarkModelLoaded, ids_reassigned: 0
2026-09-03 13:52:01.913: [INFO] BookmarksLoadDropped droppedNodes=0
2026-09-03 13:52:01.913: [INFO] BookmarksSnapshot Startup total=0 bar=0 other=0 mobile=0 showBar=0 showBarNTP=1
2026-09-03 14:52:17.284: [INFO] BookmarksSnapshot Shutdown total=0 bar=0 other=0 mobile=0 showBar=0 showBarNTP=1
2026-09-03 16:39:16.031: [INFO] CurrentProfilePath: C:\Practice\.metadata\.plugins\org.eclipse.swt\EBWebView\Default
2026-09-03 16:39:16.031: [INFO] Profiles total count: 1
2026-09-03 16:39:16.031: [INFO] Profile: name=Profile 1 path=C:\Practice\.metadata\.plugins\org.eclipse.swt\EBWebView\Default lastActive=2026-08-14T17:37:44.421Z
2026-09-03 16:39:16.031: [INFO] LastUsedProfileDir: C:\Practice\.metadata\.plugins\org.eclipse.swt\EBWebView\Default
2026-09-03 16:39:16.031: [INFO] MostRecentlyActiveProfile: name=Profile 1 path=C:\Practice\.metadata\.plugins\org.eclipse.swt\EBWebView\Default lastActive=2026-08-14T17:37:44.421Z
2026-09-03 16:39:16.031: [INFO] OnDoneLoading sync enabled: 0
2026-09-03 16:39:16.031: [INFO] BookmarkModelLoaded, ids_reassigned: 0
2026-09-03 16:39:16.031: [INFO] BookmarksLoadDropped droppedNodes=0
2026-09-03 16:39:16.031: [INFO] BookmarksSnapshot Startup total=0 bar=0 other=0 mobile=0 showBar=0 showBarNTP=1
2026-09-03 16:48:34.608: [INFO] BookmarksSnapshot Shutdown total=0 bar=0 other=0 mobile=0 showBar=0 showBarNTP=1
2026-09-03 16:58:01.846: [INFO] CurrentProfilePath: C:\Practice\.metadata\.plugins\org.eclipse.swt\EBWebView\Default
2026-09-03 16:58:01.846: [INFO] Profiles total count: 1
2026-09-03 16:58:01.846: [INFO] Profile: name=Profile 1 path=C:\Practice\.metadata\.plugins\org.eclipse.swt\EBWebView\Default lastActive=2026-08-14T17:37:44.421Z
2026-09-03 16:58:01.846: [INFO] LastUsedProfileDir: C:\Practice\.metadata\.plugins\org.eclipse.swt\EBWebView\Default
2026-09-03 16:58:01.846: [INFO] MostRecentlyActiveProfile: name=Profile 1 path=C:\Practice\.metadata\.plugins\org.eclipse.swt\EBWebView\Default lastActive=2026-08-14T17:37:44.421Z
2026-09-03 16:58:01.846: [INFO] OnDoneLoading sync enabled: 0
2026-09-03 16:58:01.846: [INFO] BookmarkModelLoaded, ids_reassigned: 0
2026-09-03 16:58:01.846: [INFO] BookmarksLoadDropped droppedNodes=0
2026-09-03 16:58:01.846: [INFO] BookmarksSnapshot Startup total=0 bar=0 other=0 mobile=0 showBar=0 showBarNTP=1
2026-09-03 16:58:28.672: [INFO] BookmarksSnapshot Shutdown total=0 bar=0 other=0 mobile=0 showBar=0 showBarNTP=1
2026-09-03 16:58:28.729: [INFO] CurrentProfilePath: C:\Practice\.metadata\.plugins\org.eclipse.swt\EBWebView\Default
2026-09-03 16:58:28.729: [INFO] Profiles total count: 1
2026-09-03 16:58:28.729: [INFO] Profile: name=Profile 1 path=C:\Practice\.metadata\.plugins\org.eclipse.swt\EBWebView\Default lastActive=2026-08-14T17:37:44.421Z
2026-09-03 16:58:28.729: [INFO] LastUsedProfileDir: C:\Practice\.metadata\.plugins\org.eclipse.swt\EBWebView\Default
2026-09-03 16:58:28.729: [INFO] MostRecentlyActiveProfile: name=Profile 1 path=C:\Practice\.metadata\.plugins\org.eclipse.swt\EBWebView\Default lastActive=2026-08-14T17:37:44.421Z
2026-09-03 16:58:28.729: [INFO] OnDoneLoading sync enabled: 0
2026-09-03 16:58:28.729: [INFO] BookmarkModelLoaded, ids_reassigned: 0
2026-09-03 16:58:28.729: [INFO] BookmarksLoadDropped droppedNodes=0
2026-09-03 16:58:28.729: [INFO] BookmarksSnapshot Startup total=0 bar=0 other=0 mobile=0 showBar=0 showBarNTP=1
2026-09-03 17:02:06.719: [INFO] BookmarksSnapshot Shutdown total=0 bar=0 other=0 mobile=0 showBar=0 showBarNTP=1
2026-09-06 02:28:29.216: [INFO] CurrentProfilePath: C:\Practice\.metadata\.plugins\org.eclipse.swt\EBWebView\Default
2026-09-06 02:28:29.216: [INFO] Profiles total count: 1
2026-09-06 02:28:29.216: [INFO] Profile: name=Profile 1 path=C:\Practice\.metadata\.plugins\org.eclipse.swt\EBWebView\Default lastActive=2026-08-14T17:37:44.421Z
2026-09-06 02:28:29.216: [INFO] LastUsedProfileDir: C:\Practice\.metadata\.plugins\org.eclipse.swt\EBWebView\Default
2026-09-06 02:28:29.216: [INFO] MostRecentlyActiveProfile: name=Profile 1 path=C:\Practice\.metadata\.plugins\org.eclipse.swt\EBWebView\Default lastActive=2026-08-14T17:37:44.421Z
2026-09-06 02:28:29.216: [INFO] OnDoneLoading sync enabled: 0
2026-09-06 02:28:29.216: [INFO] BookmarkModelLoaded, ids_reassigned: 0
2026-09-06 02:28:29.216: [INFO] BookmarksLoadDropped droppedNodes=0
2026-09-06 02:28:29.216: [INFO] BookmarksSnapshot Startup total=0 bar=0 other=0 mobile=0 showBar=0 showBarNTP=1
2026-09-06 02:28:53.852: [INFO] BookmarksSnapshot Shutdown total=0 bar=0 other=0 mobile=0 showBar=0 showBarNTP=1
2026-09-06 02:28:54.090: [INFO] CurrentProfilePath: C:\Practice\.metadata\.plugins\org.eclipse.swt\EBWebView\Default
2026-09-06 02:28:54.090: [INFO] Profiles total count: 1
2026-09-06 02:28:54.090: [INFO] Profile: name=Profile 1 path=C:\Practice\.metadata\.plugins\org.eclipse.swt\EBWebView\Default lastActive=2026-08-14T17:37:44.421Z
2026-09-06 02:28:54.090: [INFO] LastUsedProfileDir: C:\Practice\.metadata\.plugins\org.eclipse.swt\EBWebView\Default
2026-09-06 02:28:54.090: [INFO] MostRecentlyActiveProfile: name=Profile 1 path=C:\Practice\.metadata\.plugins\org.eclipse.swt\EBWebView\Default lastActive=2026-08-14T17:37:44.421Z
2026-09-06 02:28:54.090: [INFO] OnDoneLoading sync enabled: 0
2026-09-06 02:28:54.090: [INFO] BookmarkModelLoaded, ids_reassigned: 0
2026-09-06 02:28:54.090: [INFO] BookmarksLoadDropped droppedNodes=0
2026-09-06 02:28:54.090: [INFO] BookmarksSnapshot Startup total=0 bar=0 other=0 mobile=0 showBar=0 showBarNTP=1
2026-09-06 07:06:49.252: [INFO] BookmarksSnapshot Shutdown total=0 bar=0 other=0 mobile=0 showBar=0 showBarNTP=1
2026-09-08 04:00:59.947: [INFO] CurrentProfilePath: C:\Practice\.metadata\.plugins\org.eclipse.swt\EBWebView\Default
2026-09-08 04:00:59.947: [INFO] Profiles total count: 1
2026-09-08 04:00:59.947: [INFO] Profile: name=Profile 1 path=C:\Practice\.metadata\.plugins\org.eclipse.swt\EBWebView\Default lastActive=2026-08-14T17:37:44.421Z
2026-09-08 04:00:59.947: [INFO] LastUsedProfileDir: C:\Practice\.metadata\.plugins\org.eclipse.swt\EBWebView\Default
2026-09-08 04:00:59.947: [INFO] MostRecentlyActiveProfile: name=Profile 1 path=C:\Practice\.metadata\.plugins\org.eclipse.swt\EBWebView\Default lastActive=2026-08-14T17:37:44.421Z
2026-09-08 04:00:59.947: [INFO] OnDoneLoading sync enabled: 0
2026-09-08 04:00:59.947: [INFO] BookmarkModelLoaded, ids_reassigned: 0
2026-09-08 04:00:59.947: [INFO] BookmarksLoadDropped droppedNodes=0
2026-09-08 04:00:59.947: [INFO] BookmarksSnapshot Startup total=0 bar=0 other=0 mobile=0 showBar=0 showBarNTP=1
2026-09-08 05:12:32.254: [INFO] BookmarksSnapshot Shutdown total=0 bar=0 other=0 mobile=0 showBar=0 showBarNTP=1
2026-09-08 16:18:33.997: [INFO] CurrentProfilePath: C:\Practice\.metadata\.plugins\org.eclipse.swt\EBWebView\Default
2026-09-08 16:18:33.997: [INFO] Profiles total count: 1
2026-09-08 16:18:33.997: [INFO] Profile: name=Profile 1 path=C:\Practice\.metadata\.plugins\org.eclipse.swt\EBWebView\Default lastActive=2026-08-14T17:37:44.421Z
2026-09-08 16:18:33.997: [INFO] LastUsedProfileDir: C:\Practice\.metadata\.plugins\org.eclipse.swt\EBWebView\Default
2026-09-08 16:18:33.997: [INFO] MostRecentlyActiveProfile: name=Profile 1 path=C:\Practice\.metadata\.plugins\org.eclipse.swt\EBWebView\Default lastActive=2026-08-14T17:37:44.421Z
2026-09-08 16:18:33.997: [INFO] OnDoneLoading sync enabled: 0
2026-09-08 16:18:33.997: [INFO] BookmarkModelLoaded, ids_reassigned: 0
2026-09-08 16:18:33.997: [INFO] BookmarksLoadDropped droppedNodes=0
2026-09-08 16:18:33.997: [INFO] BookmarksSnapshot Startup total=0 bar=0 other=0 mobile=0 showBar=0 showBarNTP=1
2026-09-08 16:18:34.240: [INFO] BookmarksSnapshot Shutdown total=0 bar=0 other=0 mobile=0 showBar=0 showBarNTP=1
2026-09-08 16:18:51.670: [INFO] CurrentProfilePath: C:\Practice\.metadata\.plugins\org.eclipse.swt\EBWebView\Default
2026-09-08 16:18:51.670: [INFO] Profiles total count: 1
2026-09-08 16:18:51.670: [INFO] Profile: name=Profile 1 path=C:\Practice\.metadata\.plugins\org.eclipse.swt\EBWebView\Default lastActive=2026-08-14T17:37:44.421Z
2026-09-08 16:18:51.670: [INFO] LastUsedProfileDir: C:\Practice\.metadata\.plugins\org.eclipse.swt\EBWebView\Default
2026-09-08 16:18:51.670: [INFO] MostRecentlyActiveProfile: name=Profile 1 path=C:\Practice\.metadata\.plugins\org.eclipse.swt\EBWebView\Default lastActive=2026-08-14T17:37:44.421Z
2026-09-08 16:18:51.670: [INFO] OnDoneLoading sync enabled: 0
2026-09-08 16:18:51.670: [INFO] BookmarkModelLoaded, ids_reassigned: 0
2026-09-08 16:18:51.670: [INFO] BookmarksLoadDropped droppedNodes=0
2026-09-08 16:18:51.670: [INFO] BookmarksSnapshot Startup total=0 bar=0 other=0 mobile=0 showBar=0 showBarNTP=1
2026-09-08 16:18:54.512: [INFO] BookmarksSnapshot Shutdown total=0 bar=0 other=0 mobile=0 showBar=0 showBarNTP=1
2026-09-08 16:19:32.688: [INFO] CurrentProfilePath: C:\Practice\.metadata\.plugins\org.eclipse.swt\EBWebView\Default
2026-09-08 16:19:32.688: [INFO] Profiles total count: 1
2026-09-08 16:19:32.688: [INFO] Profile: name=Profile 1 path=C:\Practice\.metadata\.plugins\org.eclipse.swt\EBWebView\Default lastActive=2026-08-14T17:37:44.421Z
2026-09-08 16:19:32.688: [INFO] LastUsedProfileDir: C:\Practice\.metadata\.plugins\org.eclipse.swt\EBWebView\Default
2026-09-08 16:19:32.688: [INFO] MostRecentlyActiveProfile: name=Profile 1 path=C:\Practice\.metadata\.plugins\org.eclipse.swt\EBWebView\Default lastActive=2026-08-14T17:37:44.421Z
2026-09-08 16:19:32.688: [INFO] OnDoneLoading sync enabled: 0
2026-09-08 16:19:32.688: [INFO] BookmarkModelLoaded, ids_reassigned: 0
2026-09-08 16:19:32.688: [INFO] BookmarksLoadDropped droppedNodes=0
2026-09-08 16:19:32.688: [INFO] BookmarksSnapshot Startup total=0 bar=0 other=0 mobile=0 showBar=0 showBarNTP=1
2026-09-08 16:19:32.936: [INFO] BookmarksSnapshot Shutdown total=0 bar=0 other=0 mobile=0 showBar=0 showBarNTP=1
2026-09-08 16:20:41.300: [INFO] CurrentProfilePath: C:\Practice\.metadata\.plugins\org.eclipse.swt\EBWebView\Default
2026-09-08 16:20:41.300: [INFO] Profiles total count: 1
2026-09-08 16:20:41.300: [INFO] Profile: name=Profile 1 path=C:\Practice\.metadata\.plugins\org.eclipse.swt\EBWebView\Default lastActive=2026-08-14T17:37:44.421Z
2026-09-08 16:20:41.300: [INFO] LastUsedProfileDir: C:\Practice\.metadata\.plugins\org.eclipse.swt\EBWebView\Default
2026-09-08 16:20:41.300: [INFO] MostRecentlyActiveProfile: name=Profile 1 path=C:\Practice\.metadata\.plugins\org.eclipse.swt\EBWebView\Default lastActive=2026-08-14T17:37:44.421Z
2026-09-08 16:20:41.300: [INFO] OnDoneLoading sync enabled: 0
2026-09-08 16:20:41.300: [INFO] BookmarkModelLoaded, ids_reassigned: 0
2026-09-08 16:20:41.300: [INFO] BookmarksLoadDropped droppedNodes=0
2026-09-08 16:20:41.300: [INFO] BookmarksSnapshot Startup total=0 bar=0 other=0 mobile=0 showBar=0 showBarNTP=1
2026-09-08 16:32:47.969: [INFO] BookmarksSnapshot Shutdown total=0 bar=0 other=0 mobile=0 showBar=0 showBarNTP=1
2026-09-08 16:37:53.584: [INFO] CurrentProfilePath: C:\Practice\.metadata\.plugins\org.eclipse.swt\EBWebView\Default
2026-09-08 16:37:53.584: [INFO] Profiles total count: 1
2026-09-08 16:37:53.584: [INFO] Profile: name=Profile 1 path=C:\Practice\.metadata\.plugins\org.eclipse.swt\EBWebView\Default lastActive=2026-08-14T17:37:44.421Z
2026-09-08 16:37:53.584: [INFO] LastUsedProfileDir: C:\Practice\.metadata\.plugins\org.eclipse.swt\EBWebView\Default
2026-09-08 16:37:53.584: [INFO] MostRecentlyActiveProfile: name=Profile 1 path=C:\Practice\.metadata\.plugins\org.eclipse.swt\EBWebView\Default lastActive=2026-08-14T17:37:44.421Z
2026-09-08 16:37:53.584: [INFO] OnDoneLoading sync enabled: 0
2026-09-08 16:37:53.584: [INFO] BookmarkModelLoaded, ids_reassigned: 0
2026-09-08 16:37:53.584: [INFO] BookmarksLoadDropped droppedNodes=0
2026-09-08 16:37:53.584: [INFO] BookmarksSnapshot Startup total=0 bar=0 other=0 mobile=0 showBar=0 showBarNTP=1
2026-09-08 17:34:00.603: [INFO] BookmarksSnapshot Shutdown total=0 bar=0 other=0 mobile=0 showBar=0 showBarNTP=1
2026-09-09 11:10:24.960: [INFO] CurrentProfilePath: C:\Practice\.metadata\.plugins\org.eclipse.swt\EBWebView\Default
2026-09-09 11:10:24.960: [INFO] Profiles total count: 1
2026-09-09 11:10:24.960: [INFO] Profile: name=Profile 1 path=C:\Practice\.metadata\.plugins\org.eclipse.swt\EBWebView\Default lastActive=2026-08-14T17:37:44.421Z
2026-09-09 11:10:24.960: [INFO] LastUsedProfileDir: C:\Practice\.metadata\.plugins\org.eclipse.swt\EBWebView\Default
2026-09-09 11:10:24.960: [INFO] MostRecentlyActiveProfile: name=Profile 1 path=C:\Practice\.metadata\.plugins\org.eclipse.swt\EBWebView\Default lastActive=2026-08-14T17:37:44.421Z
2026-09-09 11:10:24.960: [INFO] OnDoneLoading sync enabled: 0
2026-09-09 11:10:24.960: [INFO] BookmarkModelLoaded, ids_reassigned: 0
2026-09-09 11:10:24.960: [INFO] BookmarksLoadDropped droppedNodes=0
2026-09-09 11:10:24.960: [INFO] BookmarksSnapshot Startup total=0 bar=0 other=0 mobile=0 showBar=0 showBarNTP=1
2026-09-09 11:28:09.459: [INFO] BookmarksSnapshot Shutdown total=0 bar=0 other=0 mobile=0 showBar=0 showBarNTP=1
2026-09-10 02:46:52.735: [INFO] CurrentProfilePath: C:\Practice\.metadata\.plugins\org.eclipse.swt\EBWebView\Default
2026-09-10 02:46:52.735: [INFO] Profiles total count: 1
2026-09-10 02:46:52.735: [INFO] Profile: name=Profile 1 path=C:\Practice\.metadata\.plugins\org.eclipse.swt\EBWebView\Default lastActive=2026-08-14T17:37:44.421Z
2026-09-10 02:46:52.735: [INFO] LastUsedProfileDir: C:\Practice\.metadata\.plugins\org.eclipse.swt\EBWebView\Default
2026-09-10 02:46:52.735: [INFO] MostRecentlyActiveProfile: name=Profile 1 path=C:\Practice\.metadata\.plugins\org.eclipse.swt\EBWebView\Default lastActive=2026-08-14T17:37:44.421Z
2026-09-10 02:46:52.735: [INFO] OnDoneLoading sync enabled: 0
2026-09-10 02:46:52.735: [INFO] BookmarkModelLoaded, ids_reassigned: 0
2026-09-10 02:46:52.735: [INFO] BookmarksLoadDropped droppedNodes=0
2026-09-10 02:46:52.735: [INFO] BookmarksSnapshot Startup total=0 bar=0 other=0 mobile=0 showBar=0 showBarNTP=1
2026-09-10 02:53:39.725: [INFO] BookmarksSnapshot Shutdown total=0 bar=0 other=0 mobile=0 showBar=0 showBarNTP=1
2026-09-10 03:56:51.236: [INFO] CurrentProfilePath: C:\Practice\.metadata\.plugins\org.eclipse.swt\EBWebView\Default
2026-09-10 03:56:51.236: [INFO] Profiles total count: 1
2026-09-10 03:56:51.236: [INFO] Profile: name=Profile 1 path=C:\Practice\.metadata\.plugins\org.eclipse.swt\EBWebView\Default lastActive=2026-08-14T17:37:44.421Z
2026-09-10 03:56:51.236: [INFO] LastUsedProfileDir: C:\Practice\.metadata\.plugins\org.eclipse.swt\EBWebView\Default
2026-09-10 03:56:51.236: [INFO] MostRecentlyActiveProfile: name=Profile 1 path=C:\Practice\.metadata\.plugins\org.eclipse.swt\EBWebView\Default lastActive=2026-08-14T17:37:44.421Z
2026-09-10 03:56:51.236: [INFO] OnDoneLoading sync enabled: 0
2026-09-10 03:56:51.236: [INFO] BookmarkModelLoaded, ids_reassigned: 0
2026-09-10 03:56:51.236: [INFO] BookmarksLoadDropped droppedNodes=0
2026-09-10 03:56:51.236: [INFO] BookmarksSnapshot Startup total=0 bar=0 other=0 mobile=0 showBar=0 showBarNTP=1
2026-09-10 03:56:51.458: [INFO] BookmarksSnapshot Shutdown total=0 bar=0 other=0 mobile=0 showBar=0 showBarNTP=1
2026-09-10 04:00:11.646: [INFO] CurrentProfilePath: C:\Practice\.metadata\.plugins\org.eclipse.swt\EBWebView\Default
2026-09-10 04:00:11.646: [INFO] Profiles total count: 1
2026-09-10 04:00:11.646: [INFO] Profile: name=Profile 1 path=C:\Practice\.metadata\.plugins\org.eclipse.swt\EBWebView\Default lastActive=2026-08-14T17:37:44.421Z
2026-09-10 04:00:11.646: [INFO] LastUsedProfileDir: C:\Practice\.metadata\.plugins\org.eclipse.swt\EBWebView\Default
2026-09-10 04:00:11.646: [INFO] MostRecentlyActiveProfile: name=Profile 1 path=C:\Practice\.metadata\.plugins\org.eclipse.swt\EBWebView\Default lastActive=2026-08-14T17:37:44.421Z
2026-09-10 04:00:11.646: [INFO] OnDoneLoading sync enabled: 0
2026-09-10 04:00:11.646: [INFO] BookmarkModelLoaded, ids_reassigned: 0
2026-09-10 04:00:11.646: [INFO] BookmarksLoadDropped droppedNodes=0
2026-09-10 04:00:11.646: [INFO] BookmarksSnapshot Startup total=0 bar=0 other=0 mobile=0 showBar=0 showBarNTP=1
2026-09-10 04:00:11.812: [INFO] BookmarksSnapshot Shutdown total=0 bar=0 other=0 mobile=0 showBar=0 showBarNTP=1
2026-09-11 08:45:04.427: [INFO] CurrentProfilePath: C:\Practice\.metadata\.plugins\org.eclipse.swt\EBWebView\Default
2026-09-11 08:45:04.427: [INFO] Profiles total count: 1
2026-09-11 08:45:04.427: [INFO] Profile: name=Profile 1 path=C:\Practice\.metadata\.plugins\org.eclipse.swt\EBWebView\Default lastActive=2026-08-14T17:37:44.421Z
2026-09-11 08:45:04.427: [INFO] LastUsedProfileDir: C:\Practice\.metadata\.plugins\org.eclipse.swt\EBWebView\Default
2026-09-11 08:45:04.427: [INFO] MostRecentlyActiveProfile: name=Profile 1 path=C:\Practice\.metadata\.plugins\org.eclipse.swt\EBWebView\Default lastActive=2026-08-14T17:37:44.421Z
2026-09-11 08:45:04.427: [INFO] OnDoneLoading sync enabled: 0
2026-09-11 08:45:04.427: [INFO] BookmarkModelLoaded, ids_reassigned: 0
2026-09-11 08:45:04.427: [INFO] BookmarksLoadDropped droppedNodes=0
2026-09-11 08:45:04.427: [INFO] BookmarksSnapshot Startup total=0 bar=0 other=0 mobile=0 showBar=0 showBarNTP=1
2026-09-11 08:45:09.689: [INFO] BookmarksSnapshot Shutdown total=0 bar=0 other=0 mobile=0 showBar=0 showBarNTP=1
2026-09-11 08:45:13.059: [INFO] CurrentProfilePath: C:\Practice\.metadata\.plugins\org.eclipse.swt\EBWebView\Default
2026-09-11 08:45:13.059: [INFO] Profiles total count: 1
2026-09-11 08:45:13.059: [INFO] Profile: name=Profile 1 path=C:\Practice\.metadata\.plugins\org.eclipse.swt\EBWebView\Default lastActive=2026-08-14T17:37:44.421Z
2026-09-11 08:45:13.059: [INFO] LastUsedProfileDir: C:\Practice\.metadata\.plugins\org.eclipse.swt\EBWebView\Default
2026-09-11 08:45:13.059: [INFO] MostRecentlyActiveProfile: name=Profile 1 path=C:\Practice\.metadata\.plugins\org.eclipse.swt\EBWebView\Default lastActive=2026-08-14T17:37:44.421Z
2026-09-11 08:45:13.059: [INFO] OnDoneLoading sync enabled: 0
2026-09-11 08:45:13.059: [INFO] BookmarkModelLoaded, ids_reassigned: 0
2026-09-11 08:45:13.059: [INFO] BookmarksLoadDropped droppedNodes=0
2026-09-11 08:45:13.059: [INFO] BookmarksSnapshot Startup total=0 bar=0 other=0 mobile=0 showBar=0 showBarNTP=1
2026-09-11 08:45:15.457: [INFO] BookmarksSnapshot Shutdown total=0 bar=0 other=0 mobile=0 showBar=0 showBarNTP=1
2026-09-11 08:46:29.438: [INFO] CurrentProfilePath: C:\Practice\.metadata\.plugins\org.eclipse.swt\EBWebView\Default
2026-09-11 08:46:29.438: [INFO] Profiles total count: 1
2026-09-11 08:46:29.438: [INFO] Profile: name=Profile 1 path=C:\Practice\.metadata\.plugins\org.eclipse.swt\EBWebView\Default lastActive=2026-08-14T17:37:44.421Z
2026-09-11 08:46:29.438: [INFO] LastUsedProfileDir: C:\Practice\.metadata\.plugins\org.eclipse.swt\EBWebView\Default
2026-09-11 08:46:29.438: [INFO] MostRecentlyActiveProfile: name=Profile 1 path=C:\Practice\.metadata\.plugins\org.eclipse.swt\EBWebView\Default lastActive=2026-08-14T17:37:44.421Z
2026-09-11 08:46:29.438: [INFO] OnDoneLoading sync enabled: 0
2026-09-11 08:46:29.438: [INFO] BookmarkModelLoaded, ids_reassigned: 0
2026-09-11 08:46:29.438: [INFO] BookmarksLoadDropped droppedNodes=0
2026-09-11 08:46:29.438: [INFO] BookmarksSnapshot Startup total=0 bar=0 other=0 mobile=0 showBar=0 showBarNTP=1
2026-09-11 08:46:29.658: [INFO] BookmarksSnapshot Shutdown total=0 bar=0 other=0 mobile=0 showBar=0 showBarNTP=1
2026-09-11 08:47:33.857: [INFO] CurrentProfilePath: C:\Practice\.metadata\.plugins\org.eclipse.swt\EBWebView\Default
2026-09-11 08:47:33.857: [INFO] Profiles total count: 1
2026-09-11 08:47:33.857: [INFO] Profile: name=Profile 1 path=C:\Practice\.metadata\.plugins\org.eclipse.swt\EBWebView\Default lastActive=2026-08-14T17:37:44.421Z
2026-09-11 08:47:33.857: [INFO] LastUsedProfileDir: C:\Practice\.metadata\.plugins\org.eclipse.swt\EBWebView\Default
2026-09-11 08:47:33.857: [INFO] MostRecentlyActiveProfile: name=Profile 1 path=C:\Practice\.metadata\.plugins\org.eclipse.swt\EBWebView\Default lastActive=2026-08-14T17:37:44.421Z
2026-09-11 08:47:33.857: [INFO] OnDoneLoading sync enabled: 0
2026-09-11 08:47:33.857: [INFO] BookmarkModelLoaded, ids_reassigned: 0
2026-09-11 08:47:33.857: [INFO] BookmarksLoadDropped droppedNodes=0
2026-09-11 08:47:33.857: [INFO] BookmarksSnapshot Startup total=0 bar=0 other=0 mobile=0 showBar=0 showBarNTP=1
2026-09-11 08:47:39.019: [INFO] BookmarksSnapshot Shutdown total=0 bar=0 other=0 mobile=0 showBar=0 showBarNTP=1
2026-09-11 08:49:12.041: [INFO] CurrentProfilePath: C:\Practice\.metadata\.plugins\org.eclipse.swt\EBWebView\Default
2026-09-11 08:49:12.041: [INFO] Profiles total count: 1
2026-09-11 08:49:12.041: [INFO] Profile: name=Profile 1 path=C:\Practice\.metadata\.plugins\org.eclipse.swt\EBWebView\Default lastActive=2026-08-14T17:37:44.421Z
2026-09-11 08:49:12.041: [INFO] LastUsedProfileDir: C:\Practice\.metadata\.plugins\org.eclipse.swt\EBWebView\Default
2026-09-11 08:49:12.041: [INFO] MostRecentlyActiveProfile: name=Profile 1 path=C:\Practice\.metadata\.plugins\org.eclipse.swt\EBWebView\Default lastActive=2026-08-14T17:37:44.421Z
2026-09-11 08:49:12.041: [INFO] OnDoneLoading sync enabled: 0
2026-09-11 08:49:12.041: [INFO] BookmarkModelLoaded, ids_reassigned: 0
2026-09-11 08:49:12.041: [INFO] BookmarksLoadDropped droppedNodes=0
2026-09-11 08:49:12.041: [INFO] BookmarksSnapshot Startup total=0 bar=0 other=0 mobile=0 showBar=0 showBarNTP=1
2026-09-11 08:49:17.499: [INFO] BookmarksSnapshot Shutdown total=0 bar=0 other=0 mobile=0 showBar=0 showBarNTP=1
2026-09-11 08:50:37.552: [INFO] CurrentProfilePath: C:\Practice\.metadata\.plugins\org.eclipse.swt\EBWebView\Default
2026-09-11 08:50:37.552: [INFO] Profiles total count: 1
2026-09-11 08:50:37.552: [INFO] Profile: name=Profile 1 path=C:\Practice\.metadata\.plugins\org.eclipse.swt\EBWebView\Default lastActive=2026-08-14T17:37:44.421Z
2026-09-11 08:50:37.552: [INFO] LastUsedProfileDir: C:\Practice\.metadata\.plugins\org.eclipse.swt\EBWebView\Default
2026-09-11 08:50:37.552: [INFO] MostRecentlyActiveProfile: name=Profile 1 path=C:\Practice\.metadata\.plugins\org.eclipse.swt\EBWebView\Default lastActive=2026-08-14T17:37:44.421Z
2026-09-11 08:50:37.552: [INFO] OnDoneLoading sync enabled: 0
2026-09-11 08:50:37.552: [INFO] BookmarkModelLoaded, ids_reassigned: 0
2026-09-11 08:50:37.552: [INFO] BookmarksLoadDropped droppedNodes=0
2026-09-11 08:50:37.552: [INFO] BookmarksSnapshot Startup total=0 bar=0 other=0 mobile=0 showBar=0 showBarNTP=1
2026-09-11 08:50:37.745: [INFO] BookmarksSnapshot Shutdown total=0 bar=0 other=0 mobile=0 showBar=0 showBarNTP=1
2026-09-11 08:50:40.007: [INFO] CurrentProfilePath: C:\Practice\.metadata\.plugins\org.eclipse.swt\EBWebView\Default
2026-09-11 08:50:40.007: [INFO] Profiles total count: 1
2026-09-11 08:50:40.007: [INFO] Profile: name=Profile 1 path=C:\Practice\.metadata\.plugins\org.eclipse.swt\EBWebView\Default lastActive=2026-08-14T17:37:44.421Z
2026-09-11 08:50:40.007: [INFO] LastUsedProfileDir: C:\Practice\.metadata\.plugins\org.eclipse.swt\EBWebView\Default
2026-09-11 08:50:40.007: [INFO] MostRecentlyActiveProfile: name=Profile 1 path=C:\Practice\.metadata\.plugins\org.eclipse.swt\EBWebView\Default lastActive=2026-08-14T17:37:44.421Z
2026-09-11 08:50:40.007: [INFO] OnDoneLoading sync enabled: 0
2026-09-11 08:50:40.007: [INFO] BookmarkModelLoaded, ids_reassigned: 0
2026-09-11 08:50:40.007: [INFO] BookmarksLoadDropped droppedNodes=0
2026-09-11 08:50:40.007: [INFO] BookmarksSnapshot Startup total=0 bar=0 other=0 mobile=0 showBar=0 showBarNTP=1
2026-09-11 08:50:40.127: [INFO] BookmarksSnapshot Shutdown total=0 bar=0 other=0 mobile=0 showBar=0 showBarNTP=1
2026-09-11 08:50:40.672: [INFO] CurrentProfilePath: C:\Practice\.metadata\.plugins\org.eclipse.swt\EBWebView\Default
2026-09-11 08:50:40.672: [INFO] Profiles total count: 1
2026-09-11 08:50:40.672: [INFO] Profile: name=Profile 1 path=C:\Practice\.metadata\.plugins\org.eclipse.swt\EBWebView\Default lastActive=2026-08-14T17:37:44.421Z
2026-09-11 08:50:40.672: [INFO] LastUsedProfileDir: C:\Practice\.metadata\.plugins\org.eclipse.swt\EBWebView\Default
2026-09-11 08:50:40.672: [INFO] MostRecentlyActiveProfile: name=Profile 1 path=C:\Practice\.metadata\.plugins\org.eclipse.swt\EBWebView\Default lastActive=2026-08-14T17:37:44.421Z
2026-09-11 08:50:40.672: [INFO] OnDoneLoading sync enabled: 0
2026-09-11 08:50:40.672: [INFO] BookmarkModelLoaded, ids_reassigned: 0
2026-09-11 08:50:40.672: [INFO] BookmarksLoadDropped droppedNodes=0
2026-09-11 08:50:40.672: [INFO] BookmarksSnapshot Startup total=0 bar=0 other=0 mobile=0 showBar=0 showBarNTP=1
2026-09-11 08:50:40.819: [INFO] BookmarksSnapshot Shutdown total=0 bar=0 other=0 mobile=0 showBar=0 showBarNTP=1
2026-09-11 08:50:41.427: [INFO] CurrentProfilePath: C:\Practice\.metadata\.plugins\org.eclipse.swt\EBWebView\Default
2026-09-11 08:50:41.427: [INFO] Profiles total count: 1
2026-09-11 08:50:41.427: [INFO] Profile: name=Profile 1 path=C:\Practice\.metadata\.plugins\org.eclipse.swt\EBWebView\Default lastActive=2026-08-14T17:37:44.421Z
2026-09-11 08:50:41.427: [INFO] LastUsedProfileDir: C:\Practice\.metadata\.plugins\org.eclipse.swt\EBWebView\Default
2026-09-11 08:50:41.427: [INFO] MostRecentlyActiveProfile: name=Profile 1 path=C:\Practice\.metadata\.plugins\org.eclipse.swt\EBWebView\Default lastActive=2026-08-14T17:37:44.421Z
2026-09-11 08:50:41.427: [INFO] OnDoneLoading sync enabled: 0
2026-09-11 08:50:41.427: [INFO] BookmarkModelLoaded, ids_reassigned: 0
2026-09-11 08:50:41.427: [INFO] BookmarksLoadDropped droppedNodes=0
2026-09-11 08:50:41.427: [INFO] BookmarksSnapshot Startup total=0 bar=0 other=0 mobile=0 showBar=0 showBarNTP=1
2026-09-11 08:50:41.558: [INFO] BookmarksSnapshot Shutdown total=0 bar=0 other=0 mobile=0 showBar=0 showBarNTP=1
2026-09-11 08:50:42.764: [INFO] CurrentProfilePath: C:\Practice\.metadata\.plugins\org.eclipse.swt\EBWebView\Default
2026-09-11 08:50:42.764: [INFO] Profiles total count: 1
2026-09-11 08:50:42.764: [INFO] Profile: name=Profile 1 path=C:\Practice\.metadata\.plugins\org.eclipse.swt\EBWebView\Default lastActive=2026-08-14T17:37:44.421Z
2026-09-11 08:50:42.764: [INFO] LastUsedProfileDir: C:\Practice\.metadata\.plugins\org.eclipse.swt\EBWebView\Default
2026-09-11 08:50:42.764: [INFO] MostRecentlyActiveProfile: name=Profile 1 path=C:\Practice\.metadata\.plugins\org.eclipse.swt\EBWebView\Default lastActive=2026-08-14T17:37:44.421Z
2026-09-11 08:50:42.764: [INFO] OnDoneLoading sync enabled: 0
2026-09-11 08:50:42.764: [INFO] BookmarkModelLoaded, ids_reassigned: 0
2026-09-11 08:50:42.764: [INFO] BookmarksLoadDropped droppedNodes=0
2026-09-11 08:50:42.764: [INFO] BookmarksSnapshot Startup total=0 bar=0 other=0 mobile=0 showBar=0 showBarNTP=1
2026-09-11 08:50:42.900: [INFO] BookmarksSnapshot Shutdown total=0 bar=0 other=0 mobile=0 showBar=0 showBarNTP=1
2026-09-11 08:53:56.398: [INFO] CurrentProfilePath: C:\Practice\.metadata\.plugins\org.eclipse.swt\EBWebView\Default
2026-09-11 08:53:56.398: [INFO] Profiles total count: 1
2026-09-11 08:53:56.398: [INFO] Profile: name=Profile 1 path=C:\Practice\.metadata\.plugins\org.eclipse.swt\EBWebView\Default lastActive=2026-08-14T17:37:44.421Z
2026-09-11 08:53:56.398: [INFO] LastUsedProfileDir: C:\Practice\.metadata\.plugins\org.eclipse.swt\EBWebView\Default
2026-09-11 08:53:56.398: [INFO] MostRecentlyActiveProfile: name=Profile 1 path=C:\Practice\.metadata\.plugins\org.eclipse.swt\EBWebView\Default lastActive=2026-08-14T17:37:44.421Z
2026-09-11 08:53:56.398: [INFO] OnDoneLoading sync enabled: 0
2026-09-11 08:53:56.398: [INFO] BookmarkModelLoaded, ids_reassigned: 0
2026-09-11 08:53:56.398: [INFO] BookmarksLoadDropped droppedNodes=0
2026-09-11 08:53:56.398: [INFO] BookmarksSnapshot Startup total=0 bar=0 other=0 mobile=0 showBar=0 showBarNTP=1
2026-09-11 09:35:46.741: [INFO] BookmarksSnapshot Shutdown total=0 bar=0 other=0 mobile=0 showBar=0 showBarNTP=1
2026-09-11 16:16:20.977: [INFO] CurrentProfilePath: C:\Practice\.metadata\.plugins\org.eclipse.swt\EBWebView\Default
2026-09-11 16:16:20.977: [INFO] Profiles total count: 1
2026-09-11 16:16:20.977: [INFO] Profile: name=Profile 1 path=C:\Practice\.metadata\.plugins\org.eclipse.swt\EBWebView\Default lastActive=2026-08-14T17:37:44.421Z
2026-09-11 16:16:20.977: [INFO] LastUsedProfileDir: C:\Practice\.metadata\.plugins\org.eclipse.swt\EBWebView\Default
2026-09-11 16:16:20.977: [INFO] MostRecentlyActiveProfile: name=Profile 1 path=C:\Practice\.metadata\.plugins\org.eclipse.swt\EBWebView\Default lastActive=2026-08-14T17:37:44.421Z
2026-09-11 16:16:20.977: [INFO] OnDoneLoading sync enabled: 0
2026-09-11 16:16:20.977: [INFO] BookmarkModelLoaded, ids_reassigned: 0
2026-09-11 16:16:20.977: [INFO] BookmarksLoadDropped droppedNodes=0
2026-09-11 16:16:20.977: [INFO] BookmarksSnapshot Startup total=0 bar=0 other=0 mobile=0 showBar=0 showBarNTP=1
2026-09-11 16:16:22.467: [INFO] BookmarksSnapshot Shutdown total=0 bar=0 other=0 mobile=0 showBar=0 showBarNTP=1
2026-09-11 16:27:18.323: [INFO] CurrentProfilePath: C:\Practice\.metadata\.plugins\org.eclipse.swt\EBWebView\Default
2026-09-11 16:27:18.323: [INFO] Profiles total count: 1
2026-09-11 16:27:18.323: [INFO] Profile: name=Profile 1 path=C:\Practice\.metadata\.plugins\org.eclipse.swt\EBWebView\Default lastActive=2026-08-14T17:37:44.421Z
2026-09-11 16:27:18.323: [INFO] LastUsedProfileDir: C:\Practice\.metadata\.plugins\org.eclipse.swt\EBWebView\Default
2026-09-11 16:27:18.323: [INFO] MostRecentlyActiveProfile: name=Profile 1 path=C:\Practice\.metadata\.plugins\org.eclipse.swt\EBWebView\Default lastActive=2026-08-14T17:37:44.421Z
2026-09-11 16:27:18.323: [INFO] OnDoneLoading sync enabled: 0
2026-09-11 16:27:18.323: [INFO] BookmarkModelLoaded, ids_reassigned: 0
2026-09-11 16:27:18.323: [INFO] BookmarksLoadDropped droppedNodes=0
2026-09-11 16:27:18.323: [INFO] BookmarksSnapshot Startup total=0 bar=0 other=0 mobile=0 showBar=0 showBarNTP=1
2026-09-11 16:27:18.571: [INFO] BookmarksSnapshot Shutdown total=0 bar=0 other=0 mobile=0 showBar=0 showBarNTP=1
2026-09-11 16:27:21.177: [INFO] CurrentProfilePath: C:\Practice\.metadata\.plugins\org.eclipse.swt\EBWebView\Default
2026-09-11 16:27:21.177: [INFO] Profiles total count: 1
2026-09-11 16:27:21.177: [INFO] Profile: name=Profile 1 path=C:\Practice\.metadata\.plugins\org.eclipse.swt\EBWebView\Default lastActive=2026-08-14T17:37:44.421Z
2026-09-11 16:27:21.177: [INFO] LastUsedProfileDir: C:\Practice\.metadata\.plugins\org.eclipse.swt\EBWebView\Default
2026-09-11 16:27:21.177: [INFO] MostRecentlyActiveProfile: name=Profile 1 path=C:\Practice\.metadata\.plugins\org.eclipse.swt\EBWebView\Default lastActive=2026-08-14T17:37:44.421Z
2026-09-11 16:27:21.177: [INFO] OnDoneLoading sync enabled: 0
2026-09-11 16:27:21.177: [INFO] BookmarkModelLoaded, ids_reassigned: 0
2026-09-11 16:27:21.177: [INFO] BookmarksLoadDropped droppedNodes=0
2026-09-11 16:27:21.177: [INFO] BookmarksSnapshot Startup total=0 bar=0 other=0 mobile=0 showBar=0 showBarNTP=1
2026-09-11 16:27:21.393: [INFO] BookmarksSnapshot Shutdown total=0 bar=0 other=0 mobile=0 showBar=0 showBarNTP=1
2026-09-11 16:27:58.502: [INFO] CurrentProfilePath: C:\Practice\.metadata\.plugins\org.eclipse.swt\EBWebView\Default
2026-09-11 16:27:58.502: [INFO] Profiles total count: 1
2026-09-11 16:27:58.502: [INFO] Profile: name=Profile 1 path=C:\Practice\.metadata\.plugins\org.eclipse.swt\EBWebView\Default lastActive=2026-08-14T17:37:44.421Z
2026-09-11 16:27:58.502: [INFO] LastUsedProfileDir: C:\Practice\.metadata\.plugins\org.eclipse.swt\EBWebView\Default
2026-09-11 16:27:58.502: [INFO] MostRecentlyActiveProfile: name=Profile 1 path=C:\Practice\.metadata\.plugins\org.eclipse.swt\EBWebView\Default lastActive=2026-08-14T17:37:44.421Z
2026-09-11 16:27:58.502: [INFO] OnDoneLoading sync enabled: 0
2026-09-11 16:27:58.502: [INFO] BookmarkModelLoaded, ids_reassigned: 0
2026-09-11 16:27:58.502: [INFO] BookmarksLoadDropped droppedNodes=0
2026-09-11 16:27:58.502: [INFO] BookmarksSnapshot Startup total=0 bar=0 other=0 mobile=0 showBar=0 showBarNTP=1
2026-09-11 17:08:10.007: [INFO] BookmarksSnapshot Shutdown total=0 bar=0 other=0 mobile=0 showBar=0 showBarNTP=1
2026-09-12 05:20:49.270: [INFO] CurrentProfilePath: C:\Practice\.metadata\.plugins\org.eclipse.swt\EBWebView\Default
2026-09-12 05:20:49.270: [INFO] Profiles total count: 1
2026-09-12 05:20:49.270: [INFO] Profile: name=Profile 1 path=C:\Practice\.metadata\.plugins\org.eclipse.swt\EBWebView\Default lastActive=2026-08-14T17:37:44.421Z
2026-09-12 05:20:49.270: [INFO] LastUsedProfileDir: C:\Practice\.metadata\.plugins\org.eclipse.swt\EBWebView\Default
2026-09-12 05:20:49.270: [INFO] MostRecentlyActiveProfile: name=Profile 1 path=C:\Practice\.metadata\.plugins\org.eclipse.swt\EBWebView\Default lastActive=2026-08-14T17:37:44.421Z
2026-09-12 05:20:49.270: [INFO] OnDoneLoading sync enabled: 0
2026-09-12 05:20:49.270: [INFO] BookmarkModelLoaded, ids_reassigned: 0
2026-09-12 05:20:49.270: [INFO] BookmarksLoadDropped droppedNodes=0
2026-09-12 05:20:49.270: [INFO] BookmarksSnapshot Startup total=0 bar=0 other=0 mobile=0 showBar=0 showBarNTP=1
2026-09-12 07:39:38.314: [INFO] BookmarksSnapshot Shutdown total=0 bar=0 other=0 mobile=0 showBar=0 showBarNTP=1
